{
    "values": [
        {
            "type": "text",
            "value": "p8e-Mlto2lrFzKCYeJ3thdk21SSCAI7CJndB",
            "key": "CLIENT_SECRET",
            "enabled": true
        },
        {
            "type": "text",
            "value": "5aee60984dfc4bc59ce92383d2165baa",
            "key": "API_KEY",
            "enabled": true
        },
        {
            "type": "text",
            "value": [
                "ent_analytics_bulk_ingest_sdk"
            ],
            "key": "META_SCOPE",
            "enabled": true
        },
        {
            "type": "text",
            "value": "",
            "key": "ACCESS_TOKEN",
            "enabled": true
        },
        {
            "type": "text",
            "value": "",
            "key": "PRIVATE_KEY",
            "enabled": true
        },
        {
            "type": "text",
            "value": "",
            "key": "JWT_TOKEN",
            "enabled": true
        },
        {
            "type": "text",
            "key": "TECHNICAL_ACCOUNT_ID",
            "enabled": true
        },
        {
            "type": "text",
            "value": "ims-na1.adobelogin.com",
            "key": "IMS",
            "enabled": true
        },
        {
            "type": "text",
            "value": "7ED836675AB3A4860A495CAD@AdobeOrg",
            "key": "IMS_ORG",
            "enabled": true
        }
    ],
    "name": "Project 1709213509100W"
}