{
    "values": [
        {
            "type": "text",
            "value": "p8e-8jeVJV4L3dHYMriPVDFXN3DHsGeI_9IW",
            "key": "CLIENT_SECRET",
            "enabled": true
        },
        {
            "type": "text",
            "value": "29351f2a0d6a45f194c307e9e66dbee2",
            "key": "API_KEY",
            "enabled": true
        },
        {
            "type": "text",
            "value": "",
            "key": "ACCESS_TOKEN",
            "enabled": true
        },
        {
            "type": "text",
            "value": [
                "openid",
                "AdobeID",
                "additional_info.projectedProductContext"
            ],
            "key": "SCOPES",
            "enabled": true
        },
        {
            "type": "text",
            "value": "E26D1E2965E083080A495EF8@techacct.adobe.com",
            "key": "TECHNICAL_ACCOUNT_ID",
            "enabled": true
        },
        {
            "type": "text",
            "value": "ims-na1.adobelogin.com",
            "key": "IMS",
            "enabled": true
        },
        {
            "type": "text",
            "value": "7ED836675AB3A4860A495CAD@AdobeOrg",
            "key": "IMS_ORG",
            "enabled": true
        }
    ],
    "name": "AHD - VBG Global"
}