{"cm300000385_62fbbbd6cca985143b3cda9b": "D-HOM : Total FiOS Shopper Traffic", "cm300000385_6272760a6505811baafe55dc": "D:HOM: Total Home_Prospect_Orders", "cm300000385_62727654c2a5687c589e2fb5": "D:HOM: Total Home_Customer_Orders", "cm300000385_64d109c09adf4d55369594df": "D-MOB: Orders | PAL | Prepaid", "cm300000385_64d109990b0f376eeec45f23": "D-MOB: Orders | PUP | Prepaid", "cm300000385_64d0ff7a9cec464234768ee1": "D-MOB: Orders | NPP | Prepaid", "cm300000385_64d249475b4eb74d7cd0021d": "D-MOB: Cart adds | PUP | Prepaid", "cm300000385_64d249245b4eb74d7cd0021c": "D-MOB: Cart adds | PAL | Prepaid", "cm300000385_64d2122d9adf4d5536959612": "D-MOB: Cart adds | NPP | Prepaid", "cm300000385_64c7c0d8329d932fd53eec90": "D-MOB: Orders | Total Orders | Prepaid", "cm300000385_64d101e39adf4d55369594b1": "D-MOB: Orders | NAP & NSP (BYOD) | Prepaid", "cm300000385_64d21bb39adf4d553695961b": "D-MOB: Cart adds| NAP & NSP (BYOD) | Prepaid", "cm300000385_64d1084ef9629128d27998bd": "D-MOB: Orders | PAAO & PASO (BYOD) | Prepaid", "cm300000385_64d24908a0afbe175a0d587a": "D-MOB: Cart adds| PAAO & PASO (BYOD) | Prepaid", "cm300000385_618c041609e2cc0ae547c549": "D-MOB: Orders | Gross Adds | Prepaid", "cm300000385_6756c8e8c0943e125ce1133f": "D-HOM: Total Home Customer Cart Adds", "cm300000385_6756c7a4f59a366b02145de9": "D-HOM: Total Home Prospect Cart Adds", "cm300000385_67c80f786ad9444727920e22": "Empty Cart - Recently Viewed Product CTR - VB", "cm300000385_616da8540525f967ec4b8030": "D-MOB: Cart Adds | Upgrades"}