{"s300000385_61f013e857533a7e566cf363": "D-HOM : NC | FIOSTV | CartAdds", "s300000385_60ccff93e38e9d52994b3e57": "D-MOB: Customer Visit", "s300000385_6513eb1e2ddeb00521b66477": "Fallthrough: Visits exists", "s300000385_645b85197e9e650327a21f5c": "myPlan | All Plans (Includes With and without Perk)", "s300000385_61f01387fc395e1523653cad": "D-HOM : NC | FIOSINT | CartAdds", "s300000385_61f013b8b3f49d6c3b1b9d25": "D-HOM : NC | FIOSINT | Orders", "s300000385_61f013fe6d70816d4ddbb4e3": "D-HOM : NC | FIOSTV | Checkouts", "s300000385_64b7e2d210d9927ffcce1153": "CJA Data Validation Segment", "s300000385_64c23f63a2cdc60cd5c9059b": "D-VZ:\u00a0TRAFFIC: Marketing Campaigns = Direct", "s300000385_65303259f2d85c36eb052d6d": "D-VZ:\u00a0TRAFFIC: Marketing Campaigns = CRM", "s300000385_61f4634a7337b765edb09b05": "D-VZ:\u00a0TRAFFIC: Marketing Campaigns = Display", "s300000385_653c07d744976912657d2199": "D-VZ:\u00a0TRAFFIC: Marketing Campaigns = Push", "s300000385_62057d3303256353462b67e8": "D-VZ:\u00a0TRAFFIC: Marketing Campaigns = Paid Social", "s300000385_61f463fe83758060111da0ea": "D-VZ:\u00a0TRAFFIC: Marketing Campaigns = Paid Search", "s300000385_6246f7a1973aa511ba83b85a": "D-VZ:\u00a0TRAFFIC: Marketing Campaigns = CSE", "s300000385_61f466cbe689d568e7437d90": "D-VZ:\u00a0TRAFFIC: Marketing Campaigns = OLV", "s300000385_61f46444e689d568e7437d87": "D-VZ:\u00a0TRAFFIC: Marketing Campaigns = Affiliate", "s300000385_6272b280e4b41b7c5ec6a502": "D-VZ:\u00a0TRAFFIC: Marketing Campaigns = SEO", "s300000385_65d5d5a46cc08e72b7911215": "Verizon Visa App", "s300000385_658a8ee705b4fa791f219165": "D-HOM : Moves | FIOSINT | Cartadds", "s300000385_658a8f488752e224b4d4ca17": "D-HOM : Moves | FIOSINT | Checkouts", "s300000385_658a8f7543d4062d685c9796": "D-HOM : Moves | FIOSINT | Orders", "s300000385_658a8d507a20b643a2dd1e8d": "D-HOM : Moves | FIOSTV | CartAdds", "s300000385_658a8de475ada11b852c65bc": "D-HOM : Moves | FIOSTV | Checkouts", "s300000385_658a8e369970fc50d98e955f": "D-HOM : Moves | FIOSTV | Orders", "s300000385_648a3087a98e6f0de8d31139": "D-HOM : Movers LTE - Appointment page", "s300000385_648a30cd712cfd0bb09362ff": "D-HOM : Movers LTE - Orderreview", "s300000385_648a30f86272310d626c40ca": "D-HOM : Movers LTE - Order Confirmation", "s300000385_6489f1a07b37a93042e553d9": "D-HOM : Movers cband - Appointment page", "s300000385_6489f26355bc65467c53bec7": "D-HOM : Movers cband - Orderreview", "s300000385_6489f2e6043d846a5904838d": "D-HOM : Movers cband - Order Confirmation", "s300000385_61f013cfd15eb8185eeb15dd": "D-HOM : NC | FIOSTV | LQS", "s300000385_61f0141316a3df7a1093aa6d": "D-HOM : NC | FIOSTV | Orders", "s300000385_6267dea668bc122583bbf36c": "D:HOM: Total Home LQA", "s300000385_63ed235e76c7d114404b490d": "Exclude Anomaly: Fios 1/31 - 2/2", "s300000385_64b67c45992564330a4df733": "D-HOM: Fios LSV pages", "s300000385_6273a856ef9f0701bdf64b38": "D-HOM: Total Home LQS", "s300000385_627261210e682f14b066f448": "D-HOM: Total Home_Prospect_Cart Adds", "s300000385_6272615533abe42320cc72f6": "D-HOM: Total Home_Customer_Cart Adds", "s300000385_61f015a961db70279c45080b": "D-HOM : EC | FIOSINT | Orders", "s300000385_61f013a23e83d073c8d2f7e0": "D-HOM : NC | FIOSINT | Checkouts", "s300000385_633c1a105d76ba491b8cc293": "D-HOM : FiOS Internet LQS", "s300000385_61f0158616a3df7a1093aa72": "D-HOM : EC | FIOSINT | Checkouts", "s300000385_61f0156ed15eb8185eeb15e6": "D-HOM : EC | FIOSINT | CartAdds", "s300000385_63d4491e32a3da0efe7c5746": "2023 + 2024", "s300000385_63bc88be2a04710f9f283f63": "Q4 2022 + 2023 + 2024", "s300000385_618c11a34c6e3c3aec1d5c6d": "D-MOB: Shopper Traffic", "s300000385_62911c05e9a04b0a579990bf": "D-MOB: Orders | NSE | Omni | Postpaid", "s300000385_618c0fd2f81f000dc8e3f968": "D-MOB: Cart Adds | NSE | Postpaid", "s300000385_618b94873680840e62af69db": "D-MOB: AAL Order Type | Postpaid", "s300000385_618b92191d7a3c093f01b52c": "D-MOB: Cart Adds | AAL | Postpaid", "s300000385_618b921afefb851a850bab12": "D-MOB: Cart Adds | EUP | Postpaid", "s300000385_618b875309e20e22e43f905f": "D-MOB: Cart adds | NSO | Omni", "s300000385_618b87545bf6126191002411": "D-MOB: Cart adds | ESO | Omni", "s300000385_61e560ed2aeeba4ac1635fc4": "D-MOB: Cart Adds | Standalone NAO", "s300000385_6268033a1599d57bd35ad556": "D-HOM: Total Home 5G Eligible", "s300000385_626a701993065a51569c9ec2": "D-HOM: Total Home LTE Eligible", "s300000385_60784e100deb9b5d5f236f6a": "D:HOM: 5G Customer Cart Adds : Omni Official Wireless", "s300000385_60784e32527c4a001155bd98": "D:HOM: 5G Prospect CartAdds : Omni Official Wireless", "s300000385_60784e715cb4746cfb6ec9df": "D:HOM: LTE Prospect CartAdds :\u00a0Omni\u00a0Official Wireless", "s300000385_607840bb20eb407b1b172bfb": "D:HOM: 5G Customer Orders : Omni Official Wireless", "s300000385_6078062cb0dc740c92343b0a": "D-VZ: 5G Prospect Orders : Omni Official Wireless", "s300000385_60784f11b5199e729746af50": "D:HOM: LTE Customer Orders :\u00a0Omni\u00a0Official Wireless", "s300000385_60784ee21043530f883f698d": "D-HOM: LTE Customer Cart Adds :\u00a0Omni\u00a0Official Wireless", "s300000385_618b82389cba7d14ccead202": "D-MOB: Orders | ESO | Postpaid", "s300000385_6125bd56170bc25be67b4edf": "D-MOB-EUP Order Type | Postpaid", "s300000385_6125bd82170bc25be67b4ee1": "D-MOB: AAL Order Type | Postpaid", "s300000385_646362b9684ff724c3fa5715": "D-MOB: myPlan | All Plans | Perks included Orders", "s300000385_617f6f343680840e62af5dfd": "D-MOB: Orders | Standalone NAO", "s300000385_612913d0ff30bd14367109e7": "D-MOB: Pageviews | Postpaid Device Order Confirmation", "s300000385_6155d310f610cb661e946531": "D-MOB: Total Traffic", "s300000385_61712aabe4cba1527b3cf2ba": "D-HOM: All 5G Pages : Omni Official Wireless", "s300000385_5e32cce57097ba4a42d681f7": "Display Channel ID (v2)  - Digital channels ", "s300000385_667440f7dd64cf32b32502b4": "PageName Copy (v70) = internet", "s300000385_664440efd8448717b8fae830": "Display Channel ID (v2) = VZF", "s300000385_6674412add64cf32b32502b7": "PageName Copy (v70) = getavailableinstallationdates", "s300000385_6674456d31c7a54c9641727f": "Flow Name/ID (v18) contains _mov", "s300000385_6671bd1fb90e735e6e3ec15f": "PageName Copy (v70) = OrderReview", "s300000385_667446235c3d7b4c0ebecbeb": "Flow Name contains (_mov)", "s300000385_667441ca5c3d7b4c0ebecb9b": "Dates Selected", "s300000385_667443c631c7a54c9641726f": "pageName Copy (p70) = plansoverview", "s300000385_64b2505356e4e81155f5be99": "D-MOB: Prepaid Shopper Traffic", "s300000385_64b181a89a49054c3d97d274": "D-MOB: Prepaid Traffic", "s300000385_64d108b577f8721d54cc0158": "D-MOB: Orders | PUP | Prepaid", "s300000385_64d0ff62927e465cf0f97702": "D-MOB: Orders | NPP | Prepaid", "s300000385_64d10931c82ecc56d03edbc3": "D-MOB: Orders | PAL | Prepaid", "s300000385_64d2483e011d5812960ec69c": "D-MOB: Cart adds | PUP | Prepaid", "s300000385_64d2421bca146b6611ba7318": "D-MOB: Cart adds | PAL | Prepaid", "s300000385_64d1f93273a8bb23cccff862": "D-MOB: Cart adds | NPP | Prepaid", "s300000385_60e4843296f01a011ca0d85b": "D-MOB: Orders | Gross Adds | Prepaid_AD", "s300000385_618c081c1d7a3c093f01b5ff": "D-MOB: Cart Adds | NSE NSO  | Prepaid", "s300000385_5fb6222dffcd49414fbd636c": "DO-MOB:ORDERS:PRE|TOTAL|Total GA Prepaid (WEB)-Master", "s300000385_64d0ffb1fcc765458ca8967e": "D-MOB: Orders | NAP & NSP (BYOD) | Prepaid", "s300000385_64d2124ebe5b8500e5f55346": "D-MOB: Cart adds| NAP & NSP (BYOD) | Prepaid", "s300000385_64d107f62261e3114f6cf727": "D-MOB: Orders | PAAO & PASO (BYOD) | Prepaid", "s300000385_64d21bcefd33bd6d6b48b26b": "D-MOB: Cart adds| PAAO & PASO (BYOD) | Prepaid", "s300000385_64b256839d180e233f856989": "D-MOB: Orders | Total Orders | Prepaid", "s300000385_64c7c06e3f4a843e7bdceb42": "D-MOB: Trade IN NAP Orders", "s300000385_618c03e0a1cca1136bf4f0a7": "D-MOB: Orders | Gross Adds | Prepaid", "s300000385_66b08a032497d16ec593923d": "new order IDs ", "s300000385_60784fb9116d152c44c0e03f": "D:HOM: LTE Prospect CartAdds :\u00a0Omni\u00a0Official Wireless", "s300000385_653ac211aa1fe9194be14235": "D-VZ:\u00a0TRAFFIC: Marketing Campaigns = Other", "s300000385_62177fe0d2a7493d5c189d7f": "NC_FIOSINT_CartAdds Omni IDAT", "s300000385_65f8022d00770257c197a458": "D-MOB: Phone Only | Cart Adds | AAL | Postpaid", "s300000385_65f801a900770257c197a454": "D-MOB: Phone Only | Cart Adds | NSE | Postpaid", "s300000385_615ad366555c9f08f845114f": "D-MOB: Cart adds | NSO | Postpaid", "s300000385_65f8027d784f1311ba43efc7": "D-MOB: Phone Only | Cart adds | NSO | Postpaid", "s300000385_60f99808f8d339153b2d6459": "D-MOB: Cart adds | ESO | Postpaid", "s300000385_65f803d62cc0f5630006cbe1": "D-MOB: Phone Only | Cart adds | ESO | Postpaid", "s300000385_67af2d7bd197a5112903f491": "D-VZ:\u00a0TRAFFIC: Last Touch Success = Direct", "s300000385_67af2e471e35774839695347": "D-VZ:\u00a0TRAFFIC: Last Touch Success = CRM", "s300000385_67af2e8fd197a5112903f499": "D-VZ:\u00a0TRAFFIC: Last Touch Success = Display", "s300000385_67af2ed77795893f9f2b3477": "D-VZ:\u00a0TRAFFIC: Last Touch Success = Other", "s300000385_67af2f19925dcc78aa8dc133": "D-VZ:\u00a0TRAFFIC: Last Touch Success = SEO", "s300000385_67af2f5f7795893f9f2b3479": "D-VZ:\u00a0TRAFFIC: Last Touch Success = Paid Social", "s300000385_67af2fb11e35774839695350": "D-VZ:\u00a0TRAFFIC: Last Touch Success = Paid Search", "s300000385_67af3008d197a5112903f4a1": "D-VZ:\u00a0TRAFFIC: Last Touch Success = OLV", "s300000385_67af309e1e35774839695353": "D-VZ:\u00a0TRAFFIC: Last Touch Success = CSE", "s300000385_67af30e21e35774839695355": "D-VZ:\u00a0TRAFFIC: Last Touch Success = Affiliate", "s300000385_67af311fd197a5112903f4a5": "D-VZ: TRAFFIC: Last Touch Success = Sponsorship", "s300000385_67af32601e35774839695360": "D-VZ: TRAFFIC: Last Touch Success = Demand Gen", "s300000385_67af3298d197a5112903f4ab": "D-VZ:\u00a0TRAFFIC: Last Touch Success = Demand Capture", "s300000385_67af32ded197a5112903f4ae": "D-VZ:\u00a0TRAFFIC: Last Touch Success = Paid Search/CSE", "s300000385_67d4407e24a81279e93089e0": "Ashburn LQ Testing Excluded {V}", "s300000385_67476ad6ebfd5a533985e537": "Domain Googlebot Exclusion", "s300000385_66913b49cb02dd338065fbef": "Exclude Geo Fencing Traffic", "s300000385_66f4676b9577ec61cdcdfc44": "NSE DF | PDP", "s300000385_66f467809577ec61cdcdfc45": "NSE DF | Offer Interstitial", "s300000385_66f4678d8a35d036e05b5f4a": "NSE DF | Plans", "s300000385_66f4679e02b05e299b6cc4c2": "NSE DF | Protection", "s300000385_66f467e6c05c1a022fd2eded": "NSE DF | Accessory Interstitial", "s300000385_66f467f631e2aa33ecdbadde": "NSE DF | Cart", "s300000385_66f4681541f89b0918894721": "NSE DF | About Yourself", "s300000385_66f4682adb50b13bfe9c213e": "NSE DF | Credit Check", "s300000385_66f468419577ec61cdcdfc4c": "NSE DF | Number Selection", "s300000385_66f468819577ec61cdcdfc51": "NSE DF | Delivery", "s300000385_66f468949577ec61cdcdfc52": "NSE DF | Payment", "s300000385_66f468b2db50b13bfe9c2145": "NSE DF | Agreements", "s300000385_66f468c5ee42e91d7e7630d7": "NSE DF | Order Review", "s300000385_66f468d79577ec61cdcdfc56": "NSE DF | Order", "s300000385_67da9d07eb5ca740567025e1": "NSE PF | Line Selector", "s300000385_67da27765576732634ebd491": "NSE PF | Plans", "s300000385_67da2889216b535a07c6a1e0": "NSE PF | Gridwall", "s300000385_67da2a0e29ae424c05d2ac5b": "NSE PF | PDP", "s300000385_67da2b99216b535a07c6a1ec": "NSE PF | Offer Interstitial/Config/Protection", "s300000385_67da8908eb5ca7405670257b": "NSE PF | Cart", "s300000385_67da8cd4216b535a07c6a2e9": "NSE PF | About Yourself", "s300000385_67da8fc424a81279e930a074": "NSE PF | Delivery", "s300000385_67da92c729ae424c05d2ad77": "NSE PF | Payment", "s300000385_67da959329ae424c05d2ad88": "NSE PF | Order", "s300000385_66fd7ea5356cd803cb38c716": "AAL | PDP", "s300000385_66fd7eb65cab2f71daea3b8d": "AAL | Offer Interstitial", "s300000385_66fd7ec55cab2f71daea3b8e": "AAL | Plans", "s300000385_66fd7ed14ae4c71f42fc587d": "AAL | Number Selection", "s300000385_67b8be5c34f7cb76f99b96f3": "AAL | Cart", "s300000385_67b8be755c7a1b5d78b5a9de": "AAL | Agreements", "s300000385_67b8be8b5c7a1b5d78b5a9e1": "AAL | Order Review", "s300000385_67b8be9f3d7bb25100d8a3bc": "AAL | Orders", "s300000385_66fd7c04356cd803cb38c701": "EUP | PDP", "s300000385_67c9f41d2a49e023b435f8a4": "EUP | OfferInterstitial (Updated)", "s300000385_67c9f43cb83c400e1b8f94cb": "EUP | Accessory Interstitial (Updated)", "s300000385_67c9f45c76bbc41e3ba47e84": "EUP | Cart (Updated)", "s300000385_67c9f474b83c400e1b8f94cf": "EUP | Agreeements (Updated)", "s300000385_67c9f48d8496653952b21521": "EUP | Order Review (Updated)", "s300000385_67c9f4a0ab7da13e951700d1": "EUP | Orders (Updated)", "s300000385_67069444ad2e774fb0f34e74": "NSO | Select Make & Model", "s300000385_67069453ebc57133484d03af": "NSO | Plans", "s300000385_6706945f64288f7c0859759e": "NSO | Protection", "s300000385_6706946b5be0691fec75e5de": "NSO | Cart", "s300000385_670694840ed49070f01d46a6": "NSO | About Yourself", "s300000385_6706949468fb7f4a3a59060e": "NSO | Credit Check", "s300000385_670694a7ad2e774fb0f34e77": "NSO | Number Selection", "s300000385_670694b85be0691fec75e5e2": "NSO | Agreements", "s300000385_670694c7bcc8a81ffb562d43": "NSO | Order", "s300000385_67069298bcc8a81ffb562d30": "ESO | Select Make & Model", "s300000385_67a50807ce94572e6adc0cb2": "ESO | Plan Selection", "s300000385_67a508d30d24e73cb5c08a86": "ESO | Number Selection", "s300000385_67a509101b011553a7bc872e": "ESO | Cart", "s300000385_67a50962c6bfe11efbb4d4ee": "ESO | Agreements", "s300000385_67a509847121493ef0a4d4e5": "ESO | Order", "s300000385_66f322cf31e2aa33ecdba77c": "One Click | Splash", "s300000385_66f322f302b05e299b6cbde7": "One Click | Cart", "s300000385_66f323135a9c7f3cf402cf10": "One Click | Agreements", "s300000385_66f32331ee42e91d7e762a52": "One Click | Order Review", "s300000385_66f3235631e2aa33ecdba786": "One Click | Order Confirmation", "s300000385_677d09831fdecf0f5a19cea8": "QS | PDP | New", "s300000385_677d0a281fdecf0f5a19ceb0": "QS | Plan Selection | New", "s300000385_677d0a96300db324cab36fd9": "QS | Protection | New", "s300000385_677d0b284b82cc694b6446d6": "QS | Accessory Interstitial | New", "s300000385_677d0b921fdecf0f5a19ceb6": "QS | Cart | New", "s300000385_677d0bea1fdecf0f5a19ceb8": "QS | About Yourself | New", "s300000385_677d0c504b82cc694b6446d8": "QS | Credit Check | New", "s300000385_677d0cc61fdecf0f5a19cebc": "QS | Number Selection | New", "s300000385_677d0d291d09fe78e9a4a12d": "QS | Payment | New", "s300000385_677d0d6c300db324cab36fe6": "QS | Agreements | New", "s300000385_677d0dba1fdecf0f5a19cec0": "QS | Review Order | New", "s300000385_677d0e141d09fe78e9a4a131": "QS | Order | New", "s300000385_67b9050f34f7cb76f99b99e4": "NGD Funnel | Configurator", "s300000385_67b905253055425c4b5e8b9f": "NGD Funnel | Device Protection", "s300000385_67d9e6fe24a81279e9309e66": "NGD | Inflow Cart", "s300000385_67d9e777b29fc63f53cda655": "NSE NGD | Number Selection", "s300000385_67d9e78b24a81279e9309e69": "NSE NGD | Create Profile", "s300000385_67d9e7a4eb5ca7405670232e": "NSE NGD | Delivery", "s300000385_67d9e7b6eb5ca7405670232f": "NSE NGD | Payment", "s300000385_67d9e7c75576732634ebd35d": "NSE NGD | Orders", "s300000385_669fb6e90921b87b767a79d5": "D-MOB: Flow | NSE | Postpaid {SR}", "s300000385_669eba9ffca6ff3942760404": "Page | PDP | Smartphones | Postpaid (Excludes Quickshop)", "s300000385_64f9e91443347d090502e552": "Device First | Visit", "s300000385_6503161d42b81409ef985b0c": "Page | Offer Interstitial ", "s300000385_662ffa7f8dad4464c557bea4": "Page | Popular Plans / Progressive", "s300000385_63a0bbcb6ea5ec67680cc511": "Page | Protection", "s300000385_618991a05bf6126191002142": "Page | Accessory interstitial ", "s300000385_62c7e962993d9a3f9867a382": "PageName | Promo hub (contains)", "s300000385_65255d2981acaf064a23a3d7": "Prospect |  Page | Personal Info", "s300000385_628e36ee82f9ae5536bbe894": "PageName | Credit Check", "s300000385_628e3be0a90b7c37b4682859": "PageName | Number Selection", "s300000385_658caff33423063161a1c5e4": "Page | Delivery", "s300000385_658cb03a6bdfde76428b2355": "Page | Payment", "s300000385_658cb06595dbbd39219886bf": "Page | Agreements", "s300000385_66b3c649dce5ac37773a2c3b": "D-MOB: Orders | NSE | Omni | Postpaid {Funnel Fix}", "s300000385_67c80e9a1298be0584165f82": "Empty Cart - Recently Viewed Clicks - VB", "s300000385_67c80e1e1298be0584165f7e": "Empty Cart - Recently Viewed Impressions - VB", "s300000385_67c8178c77ad6d02585ddfd2": "Empty Cart - All Clicks", "s300000385_67c8142f1298be0584165f92": "Empty Cart - Positon 1 Clicks - VB", "s300000385_67c8146ff190d96c3c98577b": "Empty Cart - Positon 2 Clicks - VB", "s300000385_67c8159a1298be0584165f96": "Empty Cart - Positon 3 Clicks - VB", "s300000385_67ee563d23e8f953b87b9bd9": "testing for cja", "s300000385_6704e93fad2e774fb0f343c6": "Outlet ID = Q658401", "s300000385_666c349f4a7ae95cef77a3b1": "Display Channel ID (v2)  - Digital channels  (Copy)", "s300000385_64c257d76618094eddd32f01": "Test Segment", "s300000385_64e4982bd296916e2b6333e0": "Test Segment MVA", "s300000385_64a2bef03bf34f201805a658": "Global Session ID Exists (Test Segment)", "s300000385_62acb7f6b7a36108c9c798c7": "Anonymous/Not Logged In", "s300000385_671668782e05f326d25f6917": "Product Sub Type equals any of myPlan Perk (h)", "s300000385_67165a974b614731871f79ed": "Upgrade Cart Pages", "s300000385_671173b8a10009369e52c997": "Product Sub Type equals any of myPlan Perk (v)", "s300000385_6711705041619d738c50c3df": "Product Category equals any of Plans", "s300000385_67116e40c812d519d97dd111": "Orders | EUP | Postpaid (w/o device category)", "s300000385_67110e3141619d738c50c051": "NSE Cart Filter", "s300000385_6711153ddb5569533026fe90": "NSE Page block", "s300000385_671116aaafafae4d79daa5cb": "NSE Flowname Criteria", "s300000385_6196c8f38626233f6d4a23cc": "Smartphone GW (h)", "s300000385_66aba90a97c08f1db427dde8": "pageName Copy (p70) equals any of gridwall_accessory_smart-home", "s300000385_66aba87bc786b7518f12decb": "D-MOB: Orders | Standalone NAO (v)", "s300000385_66aba8609732f267216ded0a": "D-MOB: Cart Adds | Standalone NAO (v)", "s300000385_66a3f8d0c786b7518f12ae9e": "exc Overlap: L_Exp_C_Test2, L_Exp_Test2", "s300000385_66a3f818fca6ff3942763679": "Testing Experience Name (list1) equals any of L_Exp_C_test2", "s300000385_66a3f7f42497d16ec59352a0": "Testing Experience Name (list1) equals any of L_Exp_test2", "s300000385_66a3a52c2497d16ec5934fa7": "Fios - Top 1 Gig Speeds", "s300000385_66a3a441fca6ff3942763393": "Fios - Top Gig Speeds", "s300000385_66a3a3b9b59ae729bc691f41": "Fios: 500 MBPS ", "s300000385_66a14a94dce5ac377739bdbf": "Overlap: L_Exp_C_Test2, L_Exp_Test2", "s300000385_66a144b30921b87b767a893c": "Overlap: L_Exp_C_Test, L_Exp_Test", "s300000385_66a1435e343545328c5be472": "Overlap: Exp_C_Test2, Exp_Test2", "s300000385_66a144689732f267216da1eb": "Auth visits", "s300000385_669fc6bcfca6ff3942760dbc": "Overlap - ExpirationTest_", "s300000385_669e8419c69b927f8bfa06e5": "Low Engagement Domains", "s300000385_669e8191fca6ff3942760069": "pageName Copy (p70) equals any of checkout", "s300000385_669e8176c947ee1368fa01e8": "(Fallout: All Visitors > Page: Fios Build Products (h) > ((D-HOM : NC | FIOSINT | CartAdds)) AND (D-HOM : NC | FIOSINT | CartAdds))", "s300000385_669e8069fca6ff394276005d": "(D-HOM : NC | FIOSINT | CartAdds)", "s300000385_66981905e964d70701dcc942": "LQ Result > pending Order2", "s300000385_6696dd816d012c3863b52bd9": "pending Order > LQ Result", "s300000385_6696d8287de75f713642c276": "Visit contains pending order page + lg widget", "s300000385_668e8de1f701283bc677776f": "5g MLP - EXCC ", "s300000385_668c2003b1540f5af6d56d71": "external display channels", "s300000385_668c19e8be5c8c7a154288cd": "V2 contains retail|indirect", "s300000385_668c1b1c685c8560444e6e3a": "V2 contains blank", "s300000385_6684367622230c64c0161770": "Entry: /home/ (h)", "s300000385_66843609194725198872956a": "Entry: /home/fios-fastest-internet/ (h)", "s300000385_668435ac3246355bae684408": "Entry: /home/lte-home-internet/ (h)", "s300000385_668435558378565b5c4f8b0f": "Entry: /5g/home/ (h)", "s300000385_667d5ba68378565b5c4f7089": "Page: /home/ (h)", "s300000385_66468f0470e5db5d0369700b": "Fios Checkout all Flows w/o Order Confirm", "s300000385_624b5b319254682d20ad8cf5": "Page: /home/lte-home-internet/ (h)", "s300000385_64e3c14a1153b709d0a325b9": "Page: /home/ (h)", "s300000385_624b5a02e77e43550806e707": "Page: /home/fios-fastest-internet/ (h)", "s300000385_624b570d9254682d20ad8ce3": "Page: /5g/home/ (h)", "s300000385_6605ac4d4c2ec504975bbcc5": "Page: /home/lte-home-internet/ (h)", "s300000385_61ae2a647c05527335696b0c": "Fios Checkout all Flows (h)", "s300000385_6532d22a1b346f42a3e1b9a8": "LQ4.0 Edit Addr > FWA Plan Overview (v)", "s300000385_6532d1be56ae723532ca756b": "LQ4.0 Edit Addr > Fios Build Products nse/aal (v)", "s300000385_65303cda46385e1ba003c272": "Fios Checkout all Flows (v)", "s300000385_6470db4b89624621899ae60e": "Site Black Ribbon (h)", "s300000385_61843fddb6673c2e5313a2d0": "Page: /home/lte-home-internet/ (v)", "s300000385_625d908663660a21fdbb6259": "Page: LQ2.0 Fios Result (h)", "s300000385_63ce9051e78c2a3ba32d7aa0": "Page: LQ2.0 Fios Address Verification (h)", "s300000385_64e3c319cbb462236e519510": "Page: /home/fios-fastest-internet/ LQ (h)", "s300000385_624b5a80aa11082ee35f690c": "Page: /home/ LQ (h)", "s300000385_625d8f86a1cbe31e9dfa249e": "Page: LQ2.0 Fios LK: Address Selection", "s300000385_625db17e46b65b2bf173dafa": "Page: LQ2.0 Fios Check Availability (h)", "s300000385_64d54cc60d38e04182a8d1e3": "ribbon Clicks", "s300000385_64d547d5000c8577f9998afd": "Custom Link = api:cradletestlist, gn_br", "s300000385_62c5f04ee261d715bafb8f0a": "Page: /home/fios/ (v)", "s300000385_62c5f05e50cd786bd1c943d4": "Page: /home/fiosavailability/ (v)", "s300000385_622f5f861d4390617e8f02ce": "Page: /home/moving/ (v)", "s300000385_62c5f06e44bb9f3262fb5005": "Page: /home/promo/affordable-connectivity-program/ (v)", "s300000385_61f2dc94b161942688ee29dd": "Page: /home/bundles/fios/ (v)", "s300000385_61f2e2bd9fa5a90498d979a2": "Page: /home/ (v)", "s300000385_6196c9cc68268a1f237680b0": "Page: /home/fios-fastest-internet/ (v)", "s300000385_64c42c7f2f145005b85800d0": "Page: VZW Home (v)", "s300000385_624b5ada515a9846204c27a6": "Page: /home/bundles/fios/ (h)", "s300000385_64ac90b947a5d13994877f48": "Entry Page: ACP /content/wcms/home/acp.html (v)", "s300000385_64ac8feee52c0e1ccbf4fe06": "Page: ACP /content/wcms/home/acp.html (v)", "s300000385_64ac8fcefe2a17671f58ca63": "Entry Page: ACP /home/acp/ (v)", "s300000385_64ac8fa36bd3565a4da898f0": "Entry Page: ACP /home/acp/free-internet/ (v)", "s300000385_64ac8a3b4c4e66152f1da42f": "Page: ACP /content/wcms/home/acp.html (h)", "s300000385_64ac89ff37e7964bc8cd7a9e": "Page: ACP /home/acp/free-internet/ (h)", "s300000385_62aa476a0d4a6673e0e8bcc6": "Page: ACP /home/acp/ (h)", "s300000385_64ac86c7d7106475cf18a298": "Page: ACP /home/acp/free-internet/ (v)", "s300000385_64ac7d52d37a5b1b9f5e5d45": "Page: ACP /home/acp/ (v)", "s300000385_64ac873aabc3ae29c0521844": "Page: ACP /content/wcms/home/acp.html (v)", "s300000385_649c492eac3a0e76de9f27ee": "Entry Page: /home/lte-home-internet/ (v)", "s300000385_649b292a7920a9775bdcb080": "Site Black Ribbon (v)", "s300000385_6494658777a8ed4becba6727": "Fios URL (h)", "s300000385_649468df4144fd39a9c48a0e": "LTE URL (h)", "s300000385_649464260eccd017677864ab": "5G URL", "s300000385_6490adccedccc64401bc593c": "Home: Internet Service (v)", "s300000385_6490af8f01e90334c6438e7a": "Home: Consumer Guides (h)", "s300000385_6490aedc712cfd0bb0936811": "Home: Consumer Guides (v)", "s300000385_6470ded255bddd015577f8f7": "exclude spanish site", "s300000385_6476077b4d88a731465a43e1": "Non-Authenticated (hit)", "s300000385_646fa187fe33d61bcd454fc9": "VZW (v)", "s300000385_64513f012102d1447fdfe631": "First Time to cradle control then treat", "s300000385_64513c46e91e0a2fb73cc0f5": "First Time to cradle control", "s300000385_62506ecb3505544f00c339e1": "Page: /5g/home/ (v)", "s300000385_643f0c4165a012699050f54b": "Entry URL (v0) contains (Low Traffic)", "s300000385_632a04676d02065d7a02e41a": "Entry URL (p11) contains (Low Traffic)", "s300000385_620443a110b53f77751e79bf": "Page: LQ2.0 5G Result: 5G All Eligibity (h)", "s300000385_6362d3f92debd81b5c4497cf": "Exclude Resume Carts (85|86)", "s300000385_63068bc99fb1fb53438fc62c": "Page: LQ2.0 Fios Check Availability (v)", "s300000385_641c670e9d813b74c987489a": "VZF: First Time to Page w/in period", "s300000385_6419ef65d46066216b7d757f": "BYOD (NSO): Plan First: Plan (032123)", "s300000385_6419edd3c894230968812d34": "BYOD (NSO): Device First: Order (032123)", "s300000385_6419e6af29e8d62a20334164": "New Customer (NSE): Plans First: Order (032123)", "s300000385_6419e40b68cf506bbd11f19c": "New Customer (NSE): Device First: Order (032123)", "s300000385_5e5030b0e7a40d77f7a3c991": "M&H Eligible Hits (v)", "s300000385_6407b1e0d3cf21614d83dc8b": "(D-VZ: Total Home 5G Eligible) V", "s300000385_640783186a0930123b022857": "5G Home Overall", "s300000385_6407829383e5aa08454f05df": "5G Home (modal entries and some display removed)", "s300000385_64078223aed90459949c6ffb": "5g Home used primarily by Display Ads", "s300000385_64078049d1fcc7196af4acb8": "5G Home LQ Modal Shown on Load", "s300000385_6202b340dfd472063ff4fa78": "Flow Name (p18) Contains Prospect", "s300000385_63efc967f0cce221820a9980": "5G Eligible Visits", "s300000385_63ebddbd46f7ee4feb7fed0b": "Page: /5g/ (h)", "s300000385_61f2e7f6803c5a282509ef91": "Page: /5g/ (v)", "s300000385_63eb891b92a81a1c65f07be9": "Custom Link contains api:error", "s300000385_63ea615ff94e4b4182faba88": "Exclude Custom Link contains api:error", "s300000385_63e6a54ead736e3d5c8fe37f": "Custom Link contains api:error", "s300000385_63e2bf443a5f045fe2c9a503": "Entry: /home/bundles/fios/ (v)", "s300000385_63e2bef5a9d6b4082f5ac780": "Entry: /home/ (v)", "s300000385_625d8ee6e2ae8f1dc9c933e4": "Page: LQ2.0 Fios Check Availability (h)", "s300000385_63b8a9c3a002eb437a4228c3": "LQA-s (137) exists (h)", "s300000385_639a35eb860467139129419b": "First Time to BuildProducts w/in period & Product does Not Exist (v)", "s300000385_639a35392cb8653312f0a2d4": "First Time to BuildProducts w/in period (v)", "s300000385_639a28781b2fe34a3366fcc6": "First Time to BuildProducts w/in period & Product Not Exist", "s300000385_6398ea055a231600e4f4528d": "First Time to BuildProducts w/in period", "s300000385_63935fad5d34e67a07b8625b": "Page: Entry /5g/home (v)", "s300000385_63935c8b8c3d80387d1c7c24": "Page: Entry /home (v)", "s300000385_639343b0623a050e0fd18c39": "Remove Low Traffic (v6)", "s300000385_63921cfde8ba243f1467390e": "ACP: First Time to Page w/in period", "s300000385_639220e2691aeb2cd1e8d848": "Page: /home/free-verizon-internet/ (2+ Times to Page w/in period)", "s300000385_639210d2a88e0353d09bfe84": "Entry Page: /home/free-verizon-internet/ (h)", "s300000385_638e1d65f8a9ba468097fe17": "Remove Low Traffic (v16)", "s300000385_6387e5f72187de031e17a682": "Entry: /home/fios-fastest-internet/ (v)", "s300000385_63875da1ae2f7d65ce7026d2": "Entry: /home/fios-fastest-internet/ (h)", "s300000385_63640ce806a0473c5b3c3f35": "Remove Low Traffic (v0)", "s300000385_636ea61206a0473c5b3c4b2b": "LQS w/o CART", "s300000385_6364121cf8a9ba468097d150": "Page: Entry /home/fios-forward/ (v)", "s300000385_636411cea7b74502f10cb3ac": "Page: Entry /home/free-verizon-internet/ (v)", "s300000385_6362d6ecb23bda221f92b4bc": "Exclude Fios Internet Student Pages", "s300000385_63628c7b74abfc72d4417039": "Display Channel ID (v2) - Digital Channels Part 2", "s300000385_63628b0ab23bda221f92b38e": "Display Channel ID (v2) - Digital Channels Part 1", "s300000385_6356e6d0de71a121f248c56f": "URL W/O QS equals any of https://www.verizon.com/home/verizonconnections", "s300000385_635690dbc6773d2162327280": "Page: /personal/home/fios-tv-mobile-app/ (h)", "s300000385_6350221e706e5212d4eba6a7": "Page: /home/free-verizon-internet/ (h)", "s300000385_634d631e87635164386360ae": "Page: LQ2.0 Fios Wireless Sign-in (h) Exclude", "s300000385_63498d2e0e2e3c51fe4fc3bb": "Page: /home/free-verizon-internet/ (v)", "s300000385_6204411ef0de770849745098": "Page: LQ2.0 5G Address Verification (h)", "s300000385_620d72e69f772a14a023fdbc": "Page: LQ2.0 5G Result (h)", "s300000385_620d60750a536f3637d3eaa9": "Page: LQ2.0 5G Check Availability (h)2", "s300000385_633f666c4a21e934e414bfab": "Page: LQ2.0 Fios Check Availability (h)", "s300000385_633f6648fe952c3e7e12ec6e": "Page: LQ2.0 Fios Addr Verfiy (h)", "s300000385_62b49de75eaed97f03053e51": "Total 5G + Welcome Mobile Plans", "s300000385_62b4b61fe88e88202048d582": "Premium 5G + Welcome Mobile Plans", "s300000385_6331b2f1c8132f6af6adc02b": "Page: LQ1.0 Fios Check Availability (v)", "s300000385_632e1dc94054343827c9d98e": "remove valid CMP", "s300000385_632cb3f8ef0e4367f2a6bcf0": "Contains removes 2", "s300000385_632cb36c77925f3dc7d7dc09": "main vzf pages", "s300000385_632c875aabcd39259d88f3a0": "Problem AFC Codes", "s300000385_632c81db5aac1b53dba7d428": "Affiliate CMP", "s300000385_6321e278f7c86c7a03643444": "Page: /home/ (h) EXC", "s300000385_631b56ff300dc0444eef11ee": "LQ1.0 Fios Flow LQS (v)", "s300000385_631b56d5300dc0444eef11eb": "LQ1.0 Fios Flow LQA (v)", "s300000385_6195709e9e44fa26fc534c53": "LQ2.0 Fios Flow LQS (v)", "s300000385_61956f9f4281ad1b8bbe67ef": "LQ2.0 Fios Flow LQA (v)", "s300000385_621fe4ac348614680ed8f477": "Page: /home/fiostv/ (v)", "s300000385_6319f8bc28e51729a1d6f695": "Page: LQ1.0 Fios Check Availability (h)", "s300000385_62f565faf56fea46f5a24ef2": "Exclude: /home/fios-fastest-internet/ (v)", "s300000385_62e7d9edafb1a3734dceb5a0": "Page: LQ2.0 Fios Wireless Sign-in (h)", "s300000385_62e28ed4a5df5f51f26dbcd1": "Page: Entry /home/", "s300000385_62e1b5d2c05fc515c7b00539": "Page: /home/ (h) Exc", "s300000385_5e5040095965267e6aaad379": "M&H Eligible Hits - EC", "s300000385_62e184809fd4792ea843179e": "(D-HOM : NC | Overall | LQA)", "s300000385_62d72d7312504b2d98f558c6": "Exclude \"15 gifts\" Recommendation", "s300000385_62d72da82eaa302e9afdcee2": "\"15 gifts\" Recommendation Included", "s300000385_61ae2b845564902440fad9e7": "Fios Order Confirmation All Flows (h)", "s300000385_62c5efc5696dfc158fe8344e": "Page: /home/verizonconnections/ (h)", "s300000385_624b5dc5bc062f1e65c84999": "Page: /home/moving-nc/ (h)", "s300000385_624b5c1a187b317d4285aa06": "Page: /home/moving/ (h)", "s300000385_62c5ecc3696dfc158fe83430": "Page: /home/fiosavailability/ (h)", "s300000385_624b5b9a1eaf3600272b8715": "Page: /home/fiostv/ (h) ", "s300000385_62aa4099c5d5147ff7a68ca4": "Page: /home/fios-forward (h)", "s300000385_62c5ee60a80b9c4c295ed75e": "Page: /home/promo/affordable-connectivity-program/ (h)", "s300000385_62c5ec80b390d7055d146aee": "Page: /home/fios/ (h)", "s300000385_62c5f07ce1141a437aeb8898": "Page: /home/verizonconnections/ (v)", "s300000385_62b49312b7d8910662579128": "Total M&H Discount Offered (h)", "s300000385_62b49422c0f15f1f622630d1": "BAU: M&H Discount Not Selected (h)", "s300000385_62b49535bd64b07ac30906ce": "BAU: M&H Discount Not Offered (h)", "s300000385_62b492eab7d8910662579127": "Total M&H Discount Selected (h)", "s300000385_62b3981c53a71c4748582471": "NSO Plans First: Order (v)", "s300000385_62b391eea586525873948fbb": "NSO Plans First: Order (h)", "s300000385_62ace1917a0e4b65fa5a2257": "BYOD (NSO): Plan First: Order (h)", "s300000385_62ace1336c985a7705faea84": "BYOD (NSO): Plan First: Plan (h)", "s300000385_62ad010e99173f1a4a81c1a6": "BYOD (NSO): Device First: Order (h)", "s300000385_62ace086d82de4246d5b9b5f": "BYOD (NSO): Device First: Plans (h)", "s300000385_62acce5b5e95090a9fc792c8": "New Customer (NSE): Plans First: Order (h)", "s300000385_62accd9c5e95090a9fc792c6": "New Customer (NSE): Plans First: Plans (h)", "s300000385_62b3820e55b98b0ce3ff0501": "New Customer (NSE): Device First: Plans (h)", "s300000385_62b37f6eb9eeb7228f16ce3b": "New Customer (NSE): Device First: Order (h)", "s300000385_62b34839e2209f4060a44950": "20453 MOBILE+HOME $10 DISCOUNT Selected", "s300000385_62b3480ff0e7a700b831b38f": "20452 MOBILE+HOME $5 DISCOUNT Selected", "s300000385_62acb86bdfb33b7bb9e9ea3b": "Anonymous Fios Customer (h)", "s300000385_62acc9b5e6c11d09f461fd1b": "20453 MOBILE+HOME $10 DISCOUNT Offered", "s300000385_62acc9e34189dd55cd278f22": "20452 MOBILE+HOME $5 DISCOUNT Offered", "s300000385_62b0d5e020403f68bf4df2d9": "Exclude \"15 gifts\" Engine Opened", "s300000385_62b0d5b9ad5b8240e3612a58": "\"15 gifts\" Engine Opened", "s300000385_62b0cd86b94dd979e8a1a217": "p22 contains \"15 gifts\" ", "s300000385_62b0cb30fd7f0a20410c7a26": "p22 excludes \"15 gifts\" ", "s300000385_62ad01b303e0d8324fefab9e": "M&H Mobile Discount Codes", "s300000385_62accd4cdecd1b5a0927802e": "New Customer (NSE): Device First: Order", "s300000385_62accd1a0f3b130f188a365a": "New Customer (NSE): Device First: Plans", "s300000385_62ace166d657406f159c1684": "BYOD (NSO): Plan First: Cart", "s300000385_62acce2aa80a14651d08f969": "New Customer (NSE): Plans First: Cart", "s300000385_629a7366b71a4354d53099fc": "Page: /home/watch-showtime/ (h)", "s300000385_62975e484872f2463e5f4086": "Page: /home/2-gigabit-internet/ (h)", "s300000385_628bf6adf16a591b99e9d100": "Page: /home/verizonconnections (h)", "s300000385_628bf66292a85c79fab9ff7b": "Page: /home/mlp/employee-offer/ (h)", "s300000385_6284176644515d5be400d752": "Page: LQ1.0 Result (h)", "s300000385_62840465536aca210a071229": "Page: LQ1.0 Fios LQ Result (h)", "s300000385_6283dd209d91ed019bfb309a": "Internal Search Visits (v)", "s300000385_627a811c1eef247b7e93a8fe": "Page: /home/gigabitgaming (h)", "s300000385_62799828fadcb838625797c2": "Page: /home/fios-fastest-internet-promo (h)", "s300000385_627997f4583375567d8ae4dc": "Page: /home/fios-offers (h)", "s300000385_6275a5789703a96fad9e948f": "Page: LQ1.0 Fios Addr Verfiy (h)", "s300000385_6275a4ab9b6b5f3cde98ada2": "Page: LQ1.0 Fios Check Availability/Addr Verfiy (h)", "s300000385_6275937b583375567d8ae2f7": "5g/lte home | Plan Overview", "s300000385_619511032e2d5e182103889a": "5G Checkout nse/aal (h)", "s300000385_62750fb3b1f6093fc83077c3": "Page: LQ2.0 Result/Build Products/BuildHSI + New Customer", "s300000385_627037d18db47e1f4c1d1b42": "Page: /home/fios-forward/ (v)", "s300000385_626bd7f3806cc93f0a3450ba": "Fios Checkout all Flows (v)", "s300000385_6205125103256353462b66a0": "Page: LQ2.0 LTE Check Availability (h)2", "s300000385_626723e15aaaea0597b64f49": "Page: /sports/soccer/mls-direct-kick/ (v)", "s300000385_626723d2e939ce48f194e080": "Page: /home/movies-anywhere/ (v)", "s300000385_626723c2e939ce48f194e07f": "Page: /sports/hockey/nhl-center-ice/ (v)", "s300000385_626723b4e939ce48f194e07e": "Page: /home/watch-starz/ (v)", "s300000385_626723a5e939ce48f194e07d": "Page: /home/watch-epix/ (v)", "s300000385_62672397e939ce48f194e07c": "Page: /sports/basketball/nba-league-pass/ (v)", "s300000385_62672383e939ce48f194e07b": "Page: /sports/premium-channels/ (v)", "s300000385_62672376e939ce48f194e07a": "Page: /sports/baseball/mlb-extra-innings/ (v)", "s300000385_6267236630051f4339dfb953": "Page: /sports/tv-packages/ (v)", "s300000385_62672357e939ce48f194e079": "Page: /home/watch-showtime/ (v)", "s300000385_626722d30dfe1f20685ba778": "Page: /home/watch-hbo-max/ (v)", "s300000385_626720a930051f4339dfb952": "Page: /sports/baseball/mlb-extra-innings/ (h)", "s300000385_62672075e939ce48f194e072": "Page: /home/movies-anywhere/ (h)", "s300000385_62672037e939ce48f194e070": "Page: /sports/basketball/nba-league-pass/ (h)", "s300000385_6267200a0e682f14b066e8d9": "Page: /sports/hockey/nhl-center-ice/ (h)", "s300000385_62671fdfe939ce48f194e06f": "Page: /sports/soccer/mls-direct-kick/ (h)", "s300000385_62671faf0e682f14b066e8d8": "Page: /sports/premium-channels/ (h)", "s300000385_62671f7af4128c36f7a2f149": "Page: /home/watch-epix/ (h)", "s300000385_62671f5693c95d5bd4cc8743": "Page: /home/watch-starz/ (h)", "s300000385_62671f1b93065a51569c9ac0": "Page: /home/watch-hbo-max/ (h)", "s300000385_62671ecfd75101159ab3f5f5": "Page: /home/watch-showtime/ (h)", "s300000385_62671e120dfe1f20685ba768": "Page: /sports/tv-packages/ (h)", "s300000385_626063794bdc0f27fa51e271": "Page: /home/fios-fastest-internet/15 Gifts Overlay", "s300000385_626061f59a6f1810618bd368": "Page: /home/fios-fastest-internet/ Link: Get Started/Help Me Choose", "s300000385_62507b5e9269e0048676a01a": "Page: /5g/ (v)", "s300000385_6250782bc7d7951a5e47310a": "Page: /5g/home/ (h) EXC", "s300000385_62507656704d22435ef0669b": "Page:/deals/5g-home-internet/ (v)", "s300000385_61950996143e4e64052e8b94": "Page: /5g/home/ (v) OLD", "s300000385_624b5f0702ad1236d1bce7c3": "Page: /home/fios-fastest-internet-promo/ (h)", "s300000385_624b5ee35f241f338e40c62d": "Page: /home/bundles/fios-noc/ (h)", "s300000385_624b5ea20bc4ae4668d3f350": "Page: /home/bundles/fios/ec (h)", "s300000385_624b5e7c7697561c98bc024c": "Page: /home/bundles/fios-wb/ (h)", "s300000385_61f855cad871cc163a594c2f": "Page: /home/fios-fastest-internet-promo/ (h) OLD", "s300000385_61f856e1b9be621b59899a30": "Page: /home/bundles/fios-noc/ (h) OLD", "s300000385_61f857159dff950b3853fbf9": "Page: /home/bundles/fios/ec (h) OLD", "s300000385_61f856a2b9be621b59899a2f": "Page: /home/bundles/fios-wb/ (h) OLD", "s300000385_624b5de3bc062f1e65c8499b": "Page: /home/moving-ec/ (h)", "s300000385_621fb2dd765b23380a39167d": "Page: /home/moving-ec/ (h) OLD", "s300000385_61f85e1761916e295e9c34c6": "Page: /home/moving-nc/ (h) OLD", "s300000385_624b5d385f241f338e40c61e": "Page:/deals/5g-home-internet/ (h)", "s300000385_620be17a803e972a5e5410f6": "Page:/deals/5g-home-internet/ (h) OLD", "s300000385_621fb281348614680ed8f3ca": "Page: /home/moving/ (h) OLD", "s300000385_624b5bda1eaf3600272b8719": "Page: /home/fios-fastest-internet-ny/ (h) ", "s300000385_61f8580bd74bfe1b7d8825ff": "Page: /home/fios-fastest-internet-ny/ (h) OLD", "s300000385_61f85759e7d73e146ad6aced": "Page: /home/fiostv/ (h) OLD", "s300000385_61a562275564902440fad123": "Page: /home/lte-home-internet/ (h) OLD", "s300000385_61f2e855b161942688ee29ea": "Page: /home/bundles/fios/ (h) OLD", "s300000385_61b769ee1d7a3c093f01de78": "Page: /home/ (h) OLD", "s300000385_61f2e87a7e9a9f1e09920466": "Page: /home/fios-fastest-internet/ (h) OLD", "s300000385_61f2e82f8fa48b1d09bff2c9": "Page: /5g/home/ (h) OLD", "s300000385_6244862c59d1bb54328799ac": "Account ID v8 Does not Exist", "s300000385_5e6a80752b368762bb39d541": "Account ID v8 Exists", "s300000385_5e415d2ebe6bf23b24a9803a": "ACSS Source Channel ID", "s300000385_62323addb7b02116f21890d6": "Page: /home/fios (v)", "s300000385_622f5fa9a1f12860627edbc6": "Page: /home/moving-ec/ (v)", "s300000385_622112250f118a0cf7ae58f7": "5g/lte Cart Abandoners (v) ", "s300000385_61aea4c59b37092ca384ac88": "5g/lte/fios order confirmation nse/aal (h)", "s300000385_6220fa192f2ff81eddaca3d1": "Abandoned Cart Modal", "s300000385_621e621f765b23380a3914cc": "Res Vir - Ankit3", "s300000385_621fe4c84f8e2229306942b5": "Page: /home/moving-nc/ (v)", "s300000385_621fb6a45bb13c6e69457a0c": "Page: 5G/LTE Sales Plans Overview All Flows (v)", "s300000385_621e5ab35bb13c6e69457779": "Res Vir - Ankit2 Exclusions Only (v)", "s300000385_621e5ad2e5e03212b45ed049": "Res Vir - Ankit2 Inclusions Only (h)", "s300000385_621e266233f5a945f01fdb1c": "Res Vir - Ankit2 (h)", "s300000385_620d86b7e8f70f6741165b4a": "Page: LQ2.0 LTE Result: LTE Result (h)2", "s300000385_620d8557f625b42124387a50": "Page: LQ2.0 LTE Check Availability (h)", "s300000385_620d59d1765b23380a390613": "Page: LQ2.0 5G Result: Not Eligible (h)", "s300000385_62044339adffeb31f6630b59": "Page: LQ2.0 5G Result: 5G Eligible (h)", "s300000385_620d622bc47c84515aabaf20": "Page: LQ2.0 5G Result: 5G Eligible (h)2", "s300000385_6204401bf83e013216bb2daf": "Page: LQ2.0 5G Check Availability (h)", "s300000385_620d5a0fd2a7493d5c1893ae": "Page: LQ2.0 5G Result: HSI Eligible (h)", "s300000385_620d599ff625b421243879fb": "Page: LQ2.0 5G Result: LTE Eligible (h)", "s300000385_620d597ac086857d972f5e3c": "Page: LQ2.0 5G Result: Fios Eligible (h)", "s300000385_620d57f2e5e03212b45ec0a2": "Page: LQ2.0 5G Result: All Eligible (h)", "s300000385_620be2fa9f772a14a023fafb": "Page: /coverage-map/ (h)", "s300000385_620be2150f118a0cf7ae420c": "Page: /5g/phones/ (h)", "s300000385_620ad7f4d2a7493d5c189041": "Page: LQ2.0 LTE Address Verfication (h)", "s300000385_6204452e10b53f77751e79c2": "Page: 5G/LTE Sales Plans Overview All Flows (h)", "s300000385_6205158f10b53f77751e7ab0": "Page: LQ2.0 LTE Result: LTE Eligible (h)", "s300000385_62051373cd074e5536e6eb3f": "Page: LQ2.0 LTE Address Verification (h)", "s300000385_620446e4a0509b24e615c02f": "Page: LQ2.0 5G Result: 5G Eligible Existing Customer (h)", "s300000385_6204469b154c3f6d90166639": "Page: LQ2.0 5G Result: 5G Eligible New Customer (h)", "s300000385_619510997fceb96699b6b4e6": "Page: 5G Plan Details (h)", "s300000385_620442b337f12522b098c1f1": "Page: LQ2.0 Result (h)", "s300000385_6202b4225caa6f6384d26c39": "Flow Name (p18) starts with urc", "s300000385_6202b40abb45173e413115ab": "Flow Name (p18) starts with urc", "s300000385_6202b3d96e63fc68851ea2a1": "Flowname (p18) contains LQ 2.0 ", "s300000385_61d72527ca6f89477a2da4f6": "5G Order Confirm nse/aal (h)", "s300000385_61d724648ef65714e0181c9d": "5G Get Cart Details nse/aal (h)", "s300000385_6195112a2e2d5e182103889b": "5G Order Confirmation nse/aal (h)", "s300000385_619510e02e2d5e1821038899": "5G Cart Details nse/aal (h)", "s300000385_61c49986ea5de334eda51a61": "VZ p22 5g Eligible (h)", "s300000385_61c102613680840e62af9cb3": "LTE Eligible w/o BU (vr)", "s300000385_61b920f72e2d5e182103ac19": "Page: 404", "s300000385_61b8cfdcdf0564179bdb5009": "LTE Order Confirmation nse/aal (vr)", "s300000385_61b8cfb4df0564179bdb5008": "5G Order Confirmation nse/aal (vr)", "s300000385_61b8cf7db6673c2e5313d5bd": "Fios Order Confirmation nse/aal (vr)", "s300000385_61b7aaff143e4e64052eac16": "p22 = Abandoned Cart (All Services) & Exc Close Link", "s300000385_61b7a9aab6673c2e5313d460": "AC Close a Link After (v)", "s300000385_61b7a5f3fefb851a850bd7b7": "p22 = Abandoned Cart (All Services) & Close Link", "s300000385_61b76ba06271c551210c8828": "p22 = 5g/LTE Abandon Carts (h)", "s300000385_61b3bfb9143e4e64052eaa03": "My VZ Dashboard > lead-mhu (v)", "s300000385_61b3bcaddf0564179bdb4c9c": "Page: VZW Verizon Up (v)", "s300000385_61b3bb06b71f516ede511835": "Page: lead-mhu (vr)", "s300000385_61b3ba839e44fa26fc536aa7": "Page: gigvzw (vr)", "s300000385_61b3ba303680840e62af923f": "Page: VZW Unlimited (vr)", "s300000385_61b3b9c9ff0cf80c2bcb21ae": "Page: ngigvzw (vr)", "s300000385_619ba3e69b37092ca3849a2c": "My VZ Dashboard > Gig MLP (v)", "s300000385_619ba4158626233f6d4a2699": "My VZ Dashboard > NGig MLP (v)", "s300000385_61b3900dd8fa4a05f3706135": "Page: Session Warning|Expire|Timeout (v)", "s300000385_61af92be68268a1f23769665": "AFTER (p22 = Abandoned Cart (All Services))", "s300000385_61aea37aff0cf80c2bcb1a6e": "Cart Details All Flows (h)", "s300000385_61ae2afcccb7eb1cf265a494": "VZ Build Products All Flows (h) OMNI", "s300000385_61ae77b32e2d5e182103a11f": "FIOS Eligible w/o BU (v)", "s300000385_61a5610158871f2008ee3c2c": "VZ /5g/home/ (h) OMNI", "s300000385_61aaa696143e4e64052ea183": "VZ LTE abandon cart intercept (h) OMNI", "s300000385_61aa97646271c551210c7e88": "5g Eligible w/o BU (h)", "s300000385_61aa97301d7a3c093f01d49a": "5g Eligible w/o BU (v)", "s300000385_61aa96d34281ad1b8bbe7bde": "LTE Eligible w/o BU (h)", "s300000385_61aa95577c055273356969e5": "LTE Eligible w/ BU (v)", "s300000385_61aa95c58626233f6d4a3705": "LTE Eligible w/o BU (v)", "s300000385_619e531aff0cf80c2bcb0d39": "LQ Unknown LQA (v)", "s300000385_619d59c61e66e152fd7ef76e": "InHome LQA (v)", "s300000385_619d59fc1e66e152fd7ef770": "InHome LQS (v)", "s300000385_61a658faff0cf80c2bcb12eb": "Display channel= MFA > LTE Home (v)", "s300000385_61a65bba1d7a3c093f01ce76": "Display channel= MFA > VZW|VZF After (v)", "s300000385_61a6570a6271c551210c7902": "Display channel= MFA > VZW|VZF (v)", "s300000385_61a6563a2e2d5e1821039841": "Display Channel ID (p2) = MFA (v)", "s300000385_61a6328ff81f000dc8e4129e": "Total Webview w/App Traffic (v)", "s300000385_61a62e6dff0cf80c2bcb1298": "Total Webview App Traffic (v)", "s300000385_61a56ea5ff0cf80c2bcb11eb": "page = Support broadband services (h)", "s300000385_61a55fbfdf0564179bdb3cef": "LTE Cart Details nse (h)", "s300000385_61a560355564902440fad121": "LTE Order Confirmation nse (h)", "s300000385_61a55e84a1cca1136bf509ad": "5G Order Confirmation nse (h)", "s300000385_61a55ddcfefb851a850bc5e6": "5G Cart Details nse (h)", "s300000385_61a55da0a1cca1136bf509a9": "5G Cart Details nse (v)", "s300000385_619535f80c4dcc660fef9bd2": "5G Cart Details nse/aal (v)", "s300000385_61843f6a7fceb96699b6a5de": "Fios Build Products nse/aal (v)", "s300000385_619d3ba53590775f362bf295": "Fios Checkout nse/aal (v)", "s300000385_619d3f533590775f362bf2a6": "LQS (v)", "s300000385_619d3f09b6673c2e5313baa8": "LQA (v)", "s300000385_6196d88f18ab247b59a77e16": "My VZ Dashboard > Gig/NGig MLP (v)", "s300000385_619ba3249b37092ca3849a25": "MVA/MFA > NGig MLP (v)", "s300000385_619ba2c4ccb7eb1cf2659343": "MVA/MFA > Gig MLP (v)", "s300000385_6196eb898626233f6d4a23f9": "MVA/MFA > Gig/NGig MLP (v)", "s300000385_6196ea183680840e62af76e6": "Fios Order Confirmation nse/aal (v)", "s300000385_6196ce12f81f000dc8e4055f": "Page: MyVZ Home (h)", "s300000385_6196c5d6b71f516ede50fb77": "Page: VZW Unlimited (v)", "s300000385_61957797a1cca1136bf4fa14": "Learn/Shop (h) OMNI", "s300000385_6195774eb71f516ede50f934": "Learn/Shop (v) OMNI", "s300000385_619536391d7a3c093f01bed1": "5G Order Confirmation nse/aal (v)", "s300000385_619536170c4dcc660fef9bd3": "5G Checkout nse/aal (v)", "s300000385_619535d0f81f000dc8e40277": "5G Plan Details (v)", "s300000385_619537b1d8fa4a05f3704385": "LTE Order Confirmation nse/aal (v)", "s300000385_61898de34c6e3c3aec1d58a6": "LTE Order Confirmation nse/aal (h)", "s300000385_61953789ea5de334eda4ef9d": "LTE Checkout nse/aal (v)", "s300000385_618997ca09e20e22e43f8d22": "LTE Checkout nse/aal (h)", "s300000385_6195375fea5de334eda4ef9c": "LTE Cart Details nse/aal (v)", "s300000385_61895baf7c055273356948b2": "LTE Cart Details nse/aal (h)", "s300000385_619537389cba7d14cceadc95": "LTE Plan Details (v)", "s300000385_61895a8bfefb851a850ba78b": "LTE Plan Details (h)", "s300000385_6182bfcaacafbb52fa79ce2b": "VZ Build Products (h) OMNI", "s300000385_6192e46c09e20e22e43f97e5": "VZ LTE - p22 Exclude LTE Eligible (h)", "s300000385_6192ca2eacafbb52fa79dd2c": "LTE Plan Details (V)", "s300000385_5e7135df7d03f67a15c71f3d": "2 Weeks Ago", "s300000385_6182c857ff0cf80c2bcaf144": "Audiences Name = OMNI | Existing Wireless Customer - No Fios Internet", "s300000385_61786e0de8c9690398b41de4": "VZ LQ Address Entry Omni (h)", "s300000385_6178661faa828c352f019014": "VZ Check Availability (h) ", "s300000385_61783ac017a94e56372200be": "VZ LTE - p22 LTE Eligible (h)", "s300000385_617836acafec2e7693df5348": "VZ LTE Main URL v250 (h)", "s300000385_6170752800ffde65f60d3d7a": "Domain exists", "s300000385_616a01c95f94f909d98e4958": "M&H Gigvzw > Unlimited (v)2", "s300000385_616a010d9f9e4f63d1b55487": "M&H GigVZW > Unlimited (v)", "s300000385_61673e0194a4193942696d2f": "MVA > Webview", "s300000385_615ef69361fee36fc2f746fe": "Pagename Missing Component", "s300000385_615eef76ba88597aa62a2eaa": "Page: Home Hub", "s300000385_615e17d22a7ff036afe5505f": "Hour: 3am - 11pm", "s300000385_615e14dfe913fb1a4842c63e": "URL (p11) = (https://www.verizon.com/home/ OR https://www.verizon.com/home)", "s300000385_615c802617749d6f338e3abe": "LTE Sales Flow: Payment (h)", "s300000385_615c7ed22f99e0018750632b": "LTE Sales Flow: Credit Results (h)", "s300000385_615c7e57202a6a5809e7e5cd": "LTE Sales Flow: Credit (h)", "s300000385_615c7dcb202a6a5809e7e5cc": "LTE Sales Flow: Shipping (h)", "s300000385_615c7cbc065e074b57a6b44d": "LTE Sales Flow: Contact Info (h)", "s300000385_615c7c59555c9f08f8451451": "LTE Sales Flow: Cart (h)", "s300000385_615c7bc537a91b786d776b6c": "LTE Sales Flow: Add-ons (h)", "s300000385_615c74e2b3ace65f4b7bb4a8": "LTE Sales Flow: home Install (h)", "s300000385_61561e4a7c9a3809319c42e1": "LQA-s (137) exists", "s300000385_61561df51e24213bd0aa4a78": "Display Channel ID (v2) = VZF", "s300000385_613b5f0fae14841fb75af06b": "VZ PH Search CMP (h)", "s300000385_613b5f65d5289b034a3212c5": "VZ NY Search CMP (h)", "s300000385_61005c500c482d7eed73c987": "Omni Account Identifier exists", "s300000385_60f1b6c53d32bc30cf2681b9": "5g/home url", "s300000385_5ff4e6702b368775dbe4867e": "Exclude Order Confirmation Page - LOV", "s300000385_5f68c3b911a9b412f969964e": "Order Confirmation - LOV", "s300000385_5f68c4f42b36877871363316": "T&C - LOV", "s300000385_5f89ee6c80f007767340d3d9": "Order Review - LOV", "s300000385_5f68c3278b03432653cafaaf": "Payment - LOV", "s300000385_5fdb78498b03436b0b75f559": "Display: Inspicio Visits", "s300000385_5f71e1390d9f0c79192475d2": "LOV: Second Chance Visits", "s300000385_5fb707d89bfec132bd9dc102": "Exclude Emulator Pages  5", "s300000385_5fb7058dc945646d6b071d33": "Exclude Emulator Pages 4", "s300000385_5fb7023f9bfec132bd9dc0f8": "Exclude Emulator Pages 3", "s300000385_5fb7012f9bfec132bd9dc0f4": "Exclude Emulator Pages 2", "s300000385_5fb5a366606b0764e133552c": "LOV Attach Visit", "s300000385_5fb2c26385d04231a1b25e0f": "LOV Transact Visits", "s300000385_5f721e6cc94564194db2ae53": "Pega Case ID (v46) <> Unspecified", "s300000385_5f8de53607bd5d5f17710fe4": "LOV 2nd Chance", "s300000385_5f9b4e69be6bf20bfdc88593": "LOV Agent Session End", "s300000385_5f8daeccb69da403e6a4a1bc": "T&C - LOV Visits", "s300000385_5f71e75233d1224f32bce774": "LOV Attach Instance", "s300000385_5f97305b80f0070d068d6d1e": "Vists w/o Transfer Pages", "s300000385_5f97110b59652652ae57fa92": "Visits: ECEComingFromPredictive", "s300000385_5f970143e7a40d4701ca64b7": "Vists w/Transfer Pages", "s300000385_5f96f94a7d03f666a6230975": "Predictive Response PageName Hits", "s300000385_5f96fba0be6bf22f4bf2ddca": "Predictive Ineligible VIsits", "s300000385_5f96f8f19bfec156b27e92aa": "Predictive System PageName Hits", "s300000385_5f96f7e3ffcd4914a4c1ac59": "Predictive PageName Visits", "s300000385_5f96f79b2b36872e49e51932": "Predictive PageName Hits", "s300000385_5f89f8c8706e9e4a64ab3c39": "LOV exc CCD/2nd/EndSession", "s300000385_5f8de4db1212e67bb771511c": "LOV exc 2nd/EndSession", "s300000385_5f8dd1d4c9456428479d80e1": "Site Section = OMNI-CARE Visits", "s300000385_5f8da8ac4618f6776b69b17d": "Order Review - LOV Visits", "s300000385_5f8dafe534d05f5534be859f": "Order Confirmation - LOV Visits", "s300000385_5f8daddec89767145dffdf0c": "Payment - LOV Visits", "s300000385_5f8d97c47097ba34a398a260": "LOV: SessionEnd Page Visits", "s300000385_5f89d9ac5aa5b83dd83f03ed": "First Chance - LOV", "s300000385_5f71ed45706e9e61642e43f8": "Exclude Emulator Pages", "s300000385_5f89e0aec89767145dffddc9": "Include Emulator Pages", "s300000385_5f7b547d07bd5d49fce29b29": "First Chance - LOV Telesales", "s300000385_5f8470f7bc5fc478c904d767": "Det Page: Second Chance - LOV Telesales Hits", "s300000385_5f68c2d64618f60f965de4b4": "Order Review - LOV Telesales", "s300000385_5f7b607bb81a6c7017c78a04": "LOV Rep Emulator Wrapper", "s300000385_5f71e77f8b034344f7919dd9": "LOV Transact Instance", "s300000385_5f74dffbc89767571da87b54": "Site Section = WHATIF Visits", "s300000385_5f74dfb2cfb25239bea07116": "Site Section = ACSS Visits", "s300000385_5f725722b81a6c11d7f48c57": "Order Confirmation - LOV Care", "s300000385_5f735f01be6bf2681238fc5a": "CX Detail Page Name (p50) = | | | | None", "s300000385_5f735bcc34d05f50ffe44b29": "CX Detail Page Name (p68) = | | | | None", "s300000385_5f7265d44618f60f820fd57f": "Order ID (v35) <> Unspecified", "s300000385_5f690bffbc5fc431fe675c8d": "Order Confirmation - LOV Retail", "s300000385_5f690b4734d05f07c7f38bce": "Payment - LOV Retail", "s300000385_5f690b9f0d9f0c0f2b9f3476": "T&C - LOV Retail", "s300000385_5f690afa606b0731ae0980aa": "Order Review - LOV Retail", "s300000385_5f725961c897670614e72b78": "Second Chance - LOV Care", "s300000385_5f725660be6bf2681238fb67": "Order Review - LOV Care", "s300000385_5f721a62120ebf0156c89c1a": "Det Page: Exclude Second Chance - LOV Telesales", "s300000385_5f71fc258b034344f7919e01": "Source: Retail / Display: Inspicio Visits", "s300000385_5f71f281606b0741cd2c2639": "Source: Indirect / Display: Inspicio Visits", "s300000385_5f71f9007d03f67bb1e5a4ef": "Det Page: Second Chance - LOV Care", "s300000385_5f71f6c134d05f682da05695": "Source: Care / Display: Inspicio Visits", "s300000385_5f71f526b81a6c52137ff35a": "Second Chance - LOV Retail", "s300000385_5f71f47abe6bf26183ad3b88": "Det Page: Second Chance - LOV Retail", "s300000385_5f68c08180f0073cf4ac718a": "Second Chance - LOV Telesales", "s300000385_5f6d0241be6bf26183ad3968": "LOV - Exclude Emulator URL", "s300000385_5f71e3719bfec10428d3279d": "Source: Telesales/ Display: Inspicio Visits", "s300000385_5f6e584c596526138dc129f0": "LOV Telesales", "s300000385_5f68d56bc945643387bb6b46": "Entries: First Chance - LOV Telesales", "s300000385_5f68cd63120ebf5d978b7689": "Entries: Second Chance - LOV Telesales", "s300000385_5f6a2664ab8d6276aea50586": "IVR: Exclude System Menus", "s300000385_5ef4e9cbc89a964a106132e2": "SDR - Support Ticket detail", "s300000385_5efa4800706e9e5927bd23c8": "Support Ticket Details", "s300000385_5ef3bf47120ebf79864b5536": "IVR codes", "s300000385_5eecc35a33d1223a537ed91d": "Start & Disconnect same call ID", "s300000385_5eebcbea120ebf4c0346920a": "ACSS QES Overall Exclusion Journeys", "s300000385_5eebc6350725621f2f43dc24": "QES IVR Overall Exclusion Journeys", "s300000385_5eeba958c89767769c44b917": "QES IVR Overall Exclusion Journeys", "s300000385_5ec7d2535aa5b82499284b84": "QES IVR Overall Journeys", "s300000385_5eea7338e7a40d345385ca1e": "NSA Test Duration (event 44) exists V", "s300000385_5eea72aabe6bf2599d218e24": "Redesign Test Duration (event 52) exists V", "s300000385_5edfe9f38b03430a617e20ba": "FPF: Account Pin Validate Click > Overview Main", "s300000385_5edfe91c80f0076c6f20949b": "Account Pin Send > Overview Main", "s300000385_5ed9232d97834a6d8db53742": "FPF: Account Pin Validate Click", "s300000385_5ed922fe07256211507d5318": "FPF: Account Pin Send Click", "s300000385_5ed922de33d1225732594ede": "FPF: Account Pin Setup Page", "s300000385_5ed922b9706e9e6246ca7a1a": "FPF: Secondary Verification", "s300000385_5ed9228ab69da413acb03951": "FPF: Forgot Pin Ciicks", "s300000385_5ed9225f1212e62c2e4ab882": "FPF: Customer Validation Page", "s300000385_5ed916cf97834a6d8db5372f": "Account Pin Send", "s300000385_5ed91391120ebf2a72aa890e": "Customer Validation > Forgot Pin Clicks", "s300000385_5eceb54e11a9b4345418b888": "Order Confirm", "s300000385_5ece981e4618f60550fc454e": "Redesign Test Duration (event 52) exists", "s300000385_5ecdbeaec94564581cf493cf": "QES IVR : Device - Visit", "s300000385_5ecdbe8e8b034303fc944643": "QES IVR : Sales Upgrade - Visit", "s300000385_5ecdbe6b7d03f6667f3d59d5": "QES IVR : Get Activate - Visit", "s300000385_5ecdbe5311a9b4345418b7ce": "QES IVR : Rewards - Visit", "s300000385_5ecdbe38ab8d6205836d5852": "QES IVR : Disconnect - Visit", "s300000385_5ecdbe1e4618f60550fc44c8": "QES IVR : Billing - Visit", "s300000385_5ecdbde1ffcd49464a41eee7": "QES IVR : Learn - Visit", "s300000385_5ecdbd975aa5b82499284e0c": "QES IVR : Account Management - Visit", "s300000385_5ecdbd7185d0421140566e33": "QES IVR : Change Plan - Visit", "s300000385_5ecdbd488b034303fc944642": "QES IVR : Support - Visit", "s300000385_5ecdbd119bfec14a19c6a014": "QES IVR : Payment - Visit", "s300000385_5ec816325aa5b82499284bd3": "QES IVR : Device", "s300000385_5e9f11165aa5b8223e2d0215": "QES IVR : Sales Upgrade", "s300000385_5e9f105c606b0761abe93132": "QES IVR : Learn", "s300000385_5e9f101e7097ba1f6ce67e5c": "QES IVR : Get Activate", "s300000385_5ec81b891212e618f8f00d39": "QES IVR : Payment", "s300000385_5e9f10ea34d05f021d67c49e": "QES IVR : Rewards", "s300000385_5e9f0fe9bc5fc466e3ee5f42": "QES IVR : Disconnect", "s300000385_5e9f0f3f85d0424967d48c0d": "QES IVR : Billing", "s300000385_5e9f0eb697834a250edc0784": "QES IVR : Account Management", "s300000385_5e9f114b1212e62b15acb607": "QES IVR : Support", "s300000385_5ecdb731b81a6c10375dfbeb": "QES IVR : Change Plan", "s300000385_5ecdb42e706e9e5611105cf4": "Rolling Wks 1-4", "s300000385_5ecdb466120ebf22e9babe7b": "Rolling Wks 5-8", "s300000385_5e8f857634d05f7d0c705699": " Source Channel ID - Optix", "s300000385_5ecd1b18c89a963d7f5daea4": "ACSS IVR Call ID (v108) ", "s300000385_5ec7ffcac89a963d7f5dad28": "ACSS QES Overall Journeys", "s300000385_5ec7c5f18b034303fc9443e3": "2 Months Ago", "s300000385_5ec7c5b2e7a40d7d0c9b0fba": "Last Month", "s300000385_5ec56328be6bf2257989be0e": "QES ACSS : Payment", "s300000385_5ec5613d5fe71e380db35fb9": "QES ACSS : Account Management", "s300000385_5ec562887097ba6c657a488c": "QES ACSS : Reward", "s300000385_5ec562682b36871fdcdd71c6": "QES ACSS : Plan Change", "s300000385_5ec561a61212e60215b3344c": "QES ACSS : Billing", "s300000385_5ec56302c94564646686f616": "QES ACSS : Support", "s300000385_5ec561f8cfb252598e9b6e1c": "QES ACSS : Device", "s300000385_5ec56237120ebf51f1c7c700": "QES ACSS : Disconnect", "s300000385_5ec562b35aa5b80a96cea035": "QES ACSS : Sales Upgrade VIsits", "s300000385_5ec564239e1245435e8547f1": "Mar 16 2020 - Mar 29 2020", "s300000385_5ec563d20d9f0c5909cb907b": "Mar 2 2020 - Mar 15 2020", "s300000385_5e9f10985fe71e6675983392": "QES IVR : Operator", "s300000385_5ebd5a0ce7a40d468285d9ac": "Accessible JAWS user", "s300000385_5ebc0667b69da446c3ada5fc": "Bill Main > Remarks Pilot", "s300000385_5eb9b90d606b0762a392fdf0": "Secure Pin Send Visits", "s300000385_5eb9b231c89a967fd7aad823": "Customer Validation: Open Account>Overview Main Pin Confirmed v2", "s300000385_5eb96482706e9e3d4bfbcea9": "Customer Validation Page", "s300000385_5eb5d652b69da446c3ada1b4": "Region = 3 Dept = 5", "s300000385_5eb5a833e7a40d468285d360": "Contains Common Navigation & Call Actions (ex. Close/Open Call)", "s300000385_5eb5955dbc5fc43d7e1ad182": "Exclude Common Navigation & Call Actions (ex. Close/Open Call)", "s300000385_5eb5905207bd5d695365e2ee": "Remove Nav Hits", "s300000385_5eb1c77711a9b47a51ff71ec": "Non-BGCO Dept ID", "s300000385_5eb07d9fe50ca01c8f10bad6": "BGCO Dept ID", "s300000385_5eb1c2ebc8976720df17acb0": "Dept ID-Name (v100) = 483-social media - tech support", "s300000385_5ea97f8c0d9f0c4320f9c231": "ACSS Offer Codes", "s300000385_5ea0a2e685d04268f63640a1": "Call Transactions Customers", "s300000385_5ea0a06d9e124506477ff5be": "Call Transactions Agent Only", "s300000385_5e99c7329e124540c533994f": "POS Numbers Hits", "s300000385_5e9f11c5e50ca03a86dcec9d": "QES IVR Journey Exclusions", "s300000385_5e97814985d0426901847018": "Link ID (p27) = includes number sequence", "s300000385_5e977af6606b071b4a74c60d": "Remarks Pilot - User Box Uncheck2", "s300000385_5e977910ffcd4929ff8f5ddb": "Remarks Pilot Numbers", "s300000385_5e9776b4b69da449dd7e5eee": "Remarks Pilot - User Box Uncheck", "s300000385_5e8f952633d1224bc0f3127b": "Pre-Ordering New Account Popout Load", "s300000385_5e8f7be8606b0752375a1d27": "Source Channel >=2", "s300000385_5e8dd8d69e12451d49e5e65f": "M&H EC Pages", "s300000385_5e8dd89cab8d623d0b643cd4": "M&H NC Pages", "s300000385_5e8dd44f5aa5b85c8f4b6466": "M&H - Total Customer Sessions", "s300000385_5e8dd37b85d0420fc1dde7f5": "M&H - EC Eligible Sessions", "s300000385_5e8dd316b69da417d6f11d3c": "M&H - NC Eligible Sessions", "s300000385_5e8623fb0d9f0c1037c3ef29": "Page=Prepaid Interstitial Visits", "s300000385_5e84ab8d9bfec1609f91c1e4": "Call ID (v5) Contains PREPAID Visits", "s300000385_5e84aa5ec897677844a29479": "Call ID (v5) Contains PREPAID", "s300000385_5e84a817bc5fc442f4efcd46": "IVRSpeechTag (v106) = BillingGeneral", "s300000385_5e7e6706ab8d623d0b64309e": "IVR Source Channel ID", "s300000385_5e7ba7775fe71e2afac325be": "Compare Bull 2 Months Call IDs", "s300000385_5e7ba0971212e65dbb2fc5e5": "Bill View PDF Call IDs", "s300000385_5e78ebe97097ba5154039c43": "ACSS Source CHannel ID Visits", "s300000385_5e629ea6c89a96014d752ee3": "Rep Visits w/compare bills no bill view HITS", "s300000385_5e629e3a85d042528e1f237e": "Rep Visits w/view bill, but no compare bills 2 months HITS", "s300000385_5e78de2ef882e40657b0d614": "Rep Visits w/view bill and compare bill HITS Alt", "s300000385_5e78dab25aa5b85c8f4b5184": "Rep Visits w/view bill and compare bill HITS 2", "s300000385_5e629e850725621efa3d4e38": "Rep Visits w/view bill and compare bill HITS", "s300000385_5e73e6c44618f66018ea210f": "Account Exists IVR & ACSS", "s300000385_5e73dc9a80f0077d1307e8c4": "Account ID p8 Exists Visits", "s300000385_5e713706606b0734176a8b9a": "Last 7 Days", "s300000385_5e6b979b706e9e37a92243f0": "Account ID with a dash", "s300000385_5e6a8191072562541d738c7c": "Call ID p5 Does Not Exist", "s300000385_5e6a814759652678d32ec3cd": "Account ID p8 Does Not Exist", "s300000385_5e6a81132b368762bb39d542": "Cust ID p7 Does Not Exist", "s300000385_5e6a804b80f0070be27ca306": "Cust ID p7 Exists", "s300000385_5e6a80255aa5b84729870f8b": "Call ID p5 Exists", "s300000385_5e6a7fb3e7a40d2dfa7f1b1d": "Cust ID p7 Exists, p5 & p8 Do Not Exist", "s300000385_5e6a7f291212e64f36ded796": "Cust ID p7 Exists, Account ID p8 Does Not Exist", "s300000385_5e6a7ead5fe71e0e02f53344": "Account ID p8 Exists, Cust ID p7 Does Not Exist", "s300000385_5e6a7db911a9b42435cb9f78": "Account ID p8 Exists, Call ID p5 Does Not Exist", "s300000385_5e6a7d20c897670f9774cb84": "Cust ID p7 Exists, Call ID p5 Does Not Exist", "s300000385_5e6a7af7120ebf60e90d71e5": "Call ID p5 Exists, Account ID p8 Does Not Exist", "s300000385_5e6a7a8e5aa5b84729870f82": "Call ID p5 Exists, Cust ID p7 Does Not Exist", "s300000385_5e6a60f933d122200b464dfa": "Customer ID p7 Exists, Event58 Does not Exist", "s300000385_5e6a61ba9bfec15d59fe589e": "Account ID p8 Exists, Event59 Does not Exist", "s300000385_5e6a5d6e07bd5d42c77e99a6": "Call ID p5 Exists, Event55 Does not Exist", "s300000385_5e690c1a7d03f606b700df83": "Account Identifier (v8) = eb95125d83758ad68c601b1f4e6a65d0d32a083a3255dfeb05a1db52f2933484", "s300000385_5e67ee0be50ca0169124722a": "Rep Visits w/compare bills no bill view HITS2", "s300000385_5e62c919ab8d6224a09e6410": "(Rep Visits w/view bill, but no compare bills 2 months HITS) AND (Rep Visits w/compare bills no bill view HITS)", "s300000385_5e629a51b69da430cba13090": "Rep Visits w/ view bill or compare bill HITS", "s300000385_5e62ace1f882e44c0d7aafd5": "Rep Visits w/o view bill nor compare bill HITS", "s300000385_5e629d84706e9e3fd8583361": "Rep Visits w/o view bill or compare bill HITS", "s300000385_5e6299d2c89a96014d752eda": "Rep Visits w/ view bill nor compare bill", "s300000385_5e6013a7c8976770bfba7efe": "Rep Visits w/o view bill nor compare bill", "s300000385_5e629788e7a40d5c46c31f91": "Rep Visits w/view bill and compare bill", "s300000385_5e6296d8706e9e3fd8583351": "Rep Visits w/compare bills no bill view", "s300000385_5e60129d07bd5d3ae5a61241": "Rep Visits w/view bill, but no compare bills 2 months", "s300000385_5e6012e334d05f7ae78e3d91": "Rep Visits w/compare bill but no view bill", "s300000385_5e601231ffcd4909f18101ad": "Rep Visits w/ both view bill and compare bill", "s300000385_5e6010660725621efa3d4b28": "Rep Visits w/o acss| account| compare bills 2 months", "s300000385_5e6010bac8976770bfba7ef7": "Rep Visits w/o acss| balance due summary| view bill as pdf", "s300000385_5e60088b33d12220e9dc1587": "ACSS: After Flow - Overview > Compare Bills ", "s300000385_5e5ebc48e50ca00996c42fea": "Call Volume (55) Hits", "s300000385_5e5ebc10b81a6c349f703d33": "Call Volume (55) Visits", "s300000385_5e5e58b7e7a40d110156c731": "M&H Offer Page Fallout", "s300000385_5e503d910d9f0c348b5789da": "M&H Offer > Account Referral Submitted", "s300000385_5e503fda0d9f0c348b5789dd": "M&H Eligible Hits - NC", "s300000385_5e503ce77097ba40d68f428e": "M&H Offer > Confirm Address Next Click", "s300000385_5e503bea5aa5b84f86338d63": "M&H Offer > Almost Done Page", "s300000385_5e503b5a0d9f0c348b5789d4": "M&H Offer Page > Confirm Address Page", "s300000385_5e503aaf97834a6445ae77ac": "M&H Offer Page  > Refer Now Click", "s300000385_5e503934c897676dcb8a9bc7": "M&H Referral Offer Page", "s300000385_5e503822cfb2526ca8872631": "M&H Fios Eligible Account Icon Click", "s300000385_5e5036424618f60af285c26a": "Page = acss| overview", "s300000385_5e50306d07bd5d2351e47dce": "M&H Ineligible Hits", "s300000385_5e4c47a3e7a40d6b515088dc": "(v50) = (acss| case search manager| transfer authorization | store contract receipts | equipment orders|)", "s300000385_5e4c4e4de7a40d6b515088eb": "Case ID Excludes", "s300000385_5e4c4b35bc5fc453c0d7c9ff": "Detailed PageName | Link ID (v50) = (Dash plus components", "s300000385_5e4c463bb81a6c0f61c75c69": "Detailed PageName | Link ID (v50) = acss| transfer service service orders| ", "s300000385_5e4c45ebab8d6221cf22ba14": "Detailed PageName | Link ID (v50) = (acss| open calls| opened call mdn OR acss| open calls| ", "s300000385_5e4c45838b03437830d8e57c": "Detailed PageName | Link ID (v50) = acss| service change", "s300000385_5e4c44e10d9f0c146049c9e9": "Detailed PageName | Link ID (v50) = acss| military suspend disconnect remarks for mdn", "s300000385_5e447f6333d12254dd0020c4": "ACSS Overview Tile Engagement w/continue", "s300000385_5e447c0b8b03437830d8df6a": "ACSS Available Offer Tile 2+", "s300000385_5e3c7165706e9e33b0e88b47": "ACSS Overview Tile Engagement w/disposition", "s300000385_5e44731585d0427391bd3d83": "ACSS Overview Tile: Presented Tiles", "s300000385_5e44767fab8d6221cf22b4f6": "ACSS Avail Offers Disp: Decline", "s300000385_5e44765fc94564226a499bbb": "ACSS Avail Offers Disp: Accept", "s300000385_5e44761bb69da45f13a37eda": "ACSS Avail Offers Disp: Maybe", "s300000385_5e4473b0e50ca05322a1b1a3": "ACSS Overview Tile: Presented Tile 2-5", "s300000385_5e431918c89a9619cd83e2b0": "Call IDs missing in TD", "s300000385_5e415da4e7a40d6b51507e55": "ACSS Focus Dept/Regions", "s300000385_5e308affe50ca05322a19e2d": "Source Channel ID (v1) = chatbot", "s300000385_5e28c1b180f007159daee8f6": "Account IDs with ACSS & chatbot", "s300000385_5e28a644be6bf26963023f5f": "Agent Exists, Call ID Exists Visits", "s300000385_5e28a668ab8d62171bc3532c": "Agent Exists, Call ID Exists Hits", "s300000385_5e28a5da606b075f8a188e8c": "Agent Exists w/o Call IDs Visits", "s300000385_5e28a42ecfb2521754355484": "Agent Exists w/o Call IDs", "s300000385_5e0f6da885d042231262c16e": "Components: Available Offers Tile", "s300000385_5e0e3b24be6bf2377baec2f7": "nav: Header", "s300000385_5e2742c7c897674468d6c883": "nav: Common Tabs", "s300000385_5e0e3b9e9bfec13dcafc1c18": "nav: Footer", "s300000385_5e0e3b7307256218e87e84d8": "nav: Left Menu", "s300000385_5e0e0498c897671a5e7a6b5c": "Missing Page Description", "s300000385_6130ffab1b3f336a443991f8": "D-MOB: Total Web Traffic", "s300000385_6270080c0f6b864296b8d937": "Page: Service Overview (h)", "s300000385_675c0a0f2917f215dd3a34cb": "Fios Data - VEC Offer", "s300000385_675c09432917f215dd3a34c9": "Fios TV - VEC Offer", "s300000385_61f0165f998a6b379a162100": "D-HOM : EC | FIOSTV | Orders", "s300000385_61f016163e83d073c8d2f7e8": "D-HOM : EC | FIOSTV | CartAdds", "s300000385_61f01640226f7516311e94fc": "D-HOM : EC | FIOSTV | Checkouts", "s300000385_67e1342cfdb4222b0ceb13f2": "Fios Phone - VEC ", "s300000385_67e40ced29ae424c05d2d936": "D-HOM : EC | PHONE | Orders ", "s300000385_67e2867beb5ca74056704ab6": "D-HOM : EC | PHONE | CartAdds - Varun", "s300000385_67e2874529ae424c05d2cf89": "D-HOM : EC | PHONE | Checkouts - Varun", "s300000385_613e0f711f8af216096e3cef": "D-VZ: Total Desktop/Tablet Traffic", "s300000385_67f8179f807f1c67ed266bcf": "D-HOM: wifi back up plan", "s300000385_67f8175a62974320a191c395": "D-VZ: Mobile/Fwa perks", "s300000385_67f8ff322984ce56f07b6c55": "D-HOM: FIOS EC Plan Overview", "s300000385_67f8ff832984ce56f07b6c57": "D-HOM: FIOS NC Plan Overview", "s300000385_67f94133bb14f705a25e6aaa": "D-MOB: Equipment Protection | Postpaid", "s300000385_669fb870b1af51268c30cadc": "D-HOM: Plans Overview_5G_AAL", "s300000385_669fb683dce5ac377739ae77": "D-HOM: Plans Overview_5G_NSE", "s300000385_669fb9312497d16ec59328a6": "D-HOM: Plans Overview_LTE_AAL", "s300000385_66a1281ec786b7518f1292c7": "D-HOM: Plans Overview_LTE_NSE", "s300000385_63402e51e071823f55d3c4ac": "D-HOM: 5G Home Plus Plan", "s300000385_63402de8b0081f3021425748": "D-HOM: 5G Home Base Plan", "s300000385_65ce389edbe70d61ee7cc228": "D-HOM: LTE Home Base Plan", "s300000385_65ce3996dbe70d61ee7cc236": "D-HOM: LTE Home Plus Plan", "s300000385_682b05b85e7cb4bea29d85ff": "D-HOM: 5G Home Ultimate", "s300000385_653b9e0fc7ab3e746e91c5cb": "D-MOB: Orders | EUP | Postpaid", "s300000385_618bfc38acafbb52fa79d770": "D-MOB: EUP FLow | Postpaid", "s300000385_6882259a804e8dd0d59b61f2": "pageName Copy (p70) contains confirmation", "s300000385_68822622804e8dd0d59b61f8": "Order Type (v39) contains eup", "s300000385_682618d63a029e23e72dfdc8": "NGD | Create Profile | May 25", "s300000385_682619524397eac56a7eaadf": "NGD | Delivery | May 25", "s300000385_682619c7970ed62562443d1e": "NGD | Payment | May 25", "s300000385_68261a34970ed62562443d22": "NGD | Orders | May 25", "All_Visits": "All Visits", "s300000385_646fc6490c87587c00e46a2b": "Plan First | #Line Selector", "s300000385_661933676304f70c88f5ecae": "Plan First Flow", "s300000385_60e75425076bde7a4b8867b1": "Pageviews | Device Gridwall | Postpaid |  Omni", "s300000385_612907461899ab56f4417ce2": "Page | Postpaid Device PDP", "s300000385_67da247feb5ca74056702417": "NGD | Funnel | Configurator/Offer Interstitial (Hit)", "s300000385_676f089d36297361478d1966": "Protection Pages (Including NGD)", "s300000385_6435fd35415f103461eac7fb": "Page | Postpaid Cart/Promo Hub/InFlow Cart", "s300000385_67da2584863e7c14e2171fc2": "Create Profile/About Yourself (Hit)", "s300000385_67362ae873c7132685cfd20d": "All QS Traffic", "s300000385_6703f02076ee1f3f344d5fe6": "Plan Selection Hit", "s300000385_66d726f969ab4407869cef8e": "QS Subflow", "s300000385_66a910bab59ae729bc693f8d": "Payment Hit", "s300000385_6667322c32e7c6049760f2bd": "Agreements", "s300000385_67b8cefe72cbd638b435da49": "NGD | Configurator", "s300000385_67b8df1577ad6d02585d90d1": "NGD | Device Protection", "s300000385_67d9e655863e7c14e2171ef9": "NGD | Pageview | Inflow Cart", "s300000385_67b8dad472cbd638b435dade": "NGD | Create Profile", "s300000385_67af744e9cd0b55af368adfb": "NGD | Pageview | Delivery", "s300000385_67af743744a45e32b49aef70": "NGD | Pageview | Payment", "s300000385_67b8dc76f190d96c3c980851": "NGD | Orders", "s300000385_616dd0920d75d221a66fa0a5": "D-MOB: Omni | Flow NSO | Postpaid (P18)", "s300000385_65de3b74ed9a150fc52a8a02": "Page: Select Make And Model/BYOD ", "s300000385_65e1e88aed9a150fc52aa019": "Pageview | Lead Offers/Protection", "s300000385_604f9195253f3603432e6b38": "Postpaid Cart | Cart/ExpressCheckout/Promo Hub", "s300000385_61eecf36a1fe8038e3dcdbd4": "D-MOB: Omni | Flow ESO | Postpaid (P18)", "s300000385_67a4f03a0d24e73cb5c088da": "Popularplan or Progressive Plan Hit", "s300000385_65ca5acdcb88f228366ac21e": "Page | Cart (NexGen, Existing Customers)", "s300000385_66f483bc02b05e299b6cc59c": "D-MOB: Orders | AAL | Omni | Postpaid {Funnel Fix}", "s300000385_60b4b85cdabf776e48e30d31": "D-MOB-EUP FLow | Postpaid", "s300000385_66f48548f35487265c292da2": "D-MOB: Orders | EUP | Postpaid {Funnel Fix}", "s300000385_66971e2a073d2a2ba2bc945b": "Page | OneClick", "s300000385_66d778029e3eb145d1d596b9": "NGD | Pageview | Number Selection", "s300000385_6888e93861d9796558aa7a00": "D-HOM: Total Home Passive LQS", "s300000385_688ac3686b45ae1886abb35a": "D-MOB: Cart Created | NSE | Postpaid", "s300000385_67ed5cdefd713a6e412f7f72": "Test for migration", "s300000385_64c37f276817bf3267219cb6": "Validation Segment (Prop)", "s300000385_68a6d8ea2e893c5e2747c529": "D-MOB: Cart Created | AAL | Postpaid", "s300000385_6470f19d14b7c138008fe25d": "VZW | Homepage", "s300000385_68c045841e71441dd27c58aa": "iPhone 16 Pro Max", "s300000385_68c05f976bc602141b31fb85": "iPhone 16 Pro", "s300000385_68c068b260bb462f8c265bd1": "iPhone 16 Plus", "s300000385_68c0697072eb007dfcf1e7a8": "iPhone 16 Regular", "s300000385_68c06af0de8ec73225f7dbd8": "Apple Watch Series 10", "s300000385_68c06c61c587381a53b1d20a": "iPhone 17 Pro Max", "s300000385_68c06e28da80e247ee4cd52a": "iPhone 17 Pro", "s300000385_68c06f995a314842c9ec4bc2": "iPhone 17 Air", "s300000385_68c07091da80e247ee4cd53a": "iPhone 17 Regular", "s300000385_68c07111de8ec73225f7dc06": "Apple Watch Series 11", "s300000385_68c073111e71441dd27c5a3d": "Apple Watch Series SE 3", "s300000385_68c077d3de8ec73225f7dc3f": "Apple Watch Ultra 3", "s300000385_68c018120262ea6e8accd114": "Sign Up | CTA", "s300000385_68c01a6c60bb462f8c265970": "Successful Sign Up Message", "s300000385_68bf975900461919d6513302": "High Risk Customers from CAI Model", "s300000385_68c0986cda80e247ee4cd665": "VMP Open Enrollment (9/9)", "s300000385_68c09835da80e247ee4cd663": "BYOD up to $360 (9/9)", "s300000385_68c091021e71441dd27c5b69": "P11 Contains PDP", "s300000385_68bf40f917d4205c37fa8d6f": "7.13 | Page - FIOS Popular Plan Page (U)", "s300000385_68c0897e1e71441dd27c5b35": "Fios Popular Plans URL Only", "s300000385_68c086a71e71441dd27c5b1d": "3P Addons pdp (Unauth only)", "s300000385_68c084706bc602141b31fc8f": "All category pages > Addons pdp (Unauth only)", "s300000385_68c0834a632ea24d5003b8e6": "Products and Perks Hit", "s300000385_68c082fc69cf6a1e21b3e480": "LTE Home Existing Customer", "s300000385_68c082d360bb462f8c265ccc": "5G Home Existing Customer", "s300000385_68c0829d1955005c06c52e0d": "Wireless (Mobile Device) Existing Customer", "s300000385_68c083339859600323174ae0": "Storefront > Addons pdp (Unauth only)", "s300000385_68c07d541c2eb03e18136601": "Addons pdp (Only 3P products) - Visit", "s300000385_68c07cc1da80e247ee4cd5ad": "All category pages > Addons pdp", "s300000385_68c07bf33405623157bfec3d": "Storefront > Addons pdp", "s300000385_68c079a0de8ec73225f7dc61": "All Category pages - Auth and Unauth", "s300000385_68c06d3f1e71441dd27c59ea": "Throttle | Cart Closers | NGD AAL Non PZAI | Treat | Visit", "s300000385_68c05664da80e247ee4cd48e": "Paid Search_Shopping_Latino_iPhone 17", "s300000385_68c056308cf8c8249b675952": "Paid Search_NonBrand_Latino_iPhone 17", "s300000385_68c055968cf8c8249b67594b": "Paid Search_Brand_Latino_iPhone 17", "s300000385_68c04c6c3e4ec968a2e777ce": "Auto pay apo+pfb Enrollment - From Savings Center", "s300000385_68e97a7f2fba8d0f19cddb1c": "Disney bundle PDP page - Perk", "s300000385_68df9a7710354149d3783159": "Control | MVA | Elyzium (list 1)", "s300000385_68e6340b330d9642f4425fc7": "Global Nav- Mobile drop down clicks- Consolidated (V)", "s300000385_68e8ca98b9a4f86e3c3fb2f3": "Exclude App traffic", "s300000385_68e96f07b9a4f86e3c3fb7e2": "Exclude Oct 5, 2025", "s300000385_68e007071156be31839c542c": "DAIF-41493:  Progressive CPC Entry LP", "s300000385_68e95264e636073a5fb6f057": "non-phone traffic ver2", "s300000385_68e88da91156be31839c82fb": "D-MOB: Cart Adds | NSE | Postpaid (Visit)", "s300000385_68e956301156be31839c8759": "Flow: pageName Copy (p70) = expresscheckout > pageName Copy (p70) = creditcheck", "s300000385_68e922d910354149d37863f8": "(AC) D-MOB: Cart adds: NSO/ESO", "s300000385_68e91f29d1e4c61994ed0440": "Next Button Clicks (DAIF-36280) {V}", "s300000385_67eff7325a01b32b4ee7e296": "D-MOB: Shop Pages"}