{
  "Dotcom Wireless - BAU (includes MVA, MVO)": "Wireless - Global BAU Prod - Basic",
  "Dotcom Wireline - BAU": "Wireless - Global BAU Prod - Basic",
  "MyFios app (FIOS) - BAU": "BAU Fios - My Fios Basic",
  "Dotcom / FIOS": "Omni - Digital Dev Users - Basic",
  "IVR - Omni": "Omni - IVR Dev Users - Basic",
  "ACSS - Omni": "Omni - ACSS Dev Users - Basic",
  "POS - Omni": "Omni - POS Dev Users - Basic",
  "IKMS/Device Forum - Omni": "Omni - Device Forum Dev Users - Basic",
  "Chatbot - Omni": "Omni - Chatbot Dev Users - Basic",
  "Express Store - Omni": "Omni - Express Store Dev Users - Basic"
}