{
  "Dotcom Wireless - BAU (includes MVA, MVO)": "Wireless - Global BAU Prod - Basic",
  "Dotcom Wireline - BAU": "Wireless - Global BAU Prod - Basic",
  "MyFios app (FIOS) - BAU": "BAU Fios - My Fios Basic",
  "Dotcom / FIOS": "Omni - Digital Prod Users - Basic",
  "IVR - Omni": "Omni - IVR Prod Users - Basic",
  "ACSS - Omni": "Omni - ACSS Prod Users - Basic",
  "POS - Omni": "Omni - POS Prod Users - Basic",
  "IKMS/Device Forum - Omni": "Omni - Device Forum Prod Users - Basic",
  "Chatbot - Omni": "Omni - Chatbot Prod Users - Basic"
}