[{"link": "https://www.verizon.com/accessibility", "data-track": null, "aria-label": null},{"link": "#gnav20-header-end", "data-track": null, "aria-label": null},{"link": "https://www.verizon.com/", "data-track": null, "aria-label": "Verizon Personal Services HomePage"},{"link": "https://www.verizon.com/business/?cmp=vcgref_naveyebrow", "data-track": null, "aria-label": "Verizon Business Services HomePage"},{"link": "tel:+18338374966", "data-track": null, "aria-label": "1-833-VERIZON"},{"link": "https://www.verizon.com/support/contact-us/", "data-track": null, "aria-label": "Contact us"},{"link": "https://www.verizon.com/support/", "data-track": null, "aria-label": "Support"},{"link": "https://www.verizon.com/stores/", "data-track": null, "aria-label": "Stores"},{"link": "https://www.verizon.com/coverage-map/", "data-track": null, "aria-label": "Coverage map"},{"link": "https://espanol.verizon.com/", "data-track": null, "aria-label": "Switch to Espa\u00f1ol language website"},{"link": "https://www.verizon.com/", "data-track": null, "aria-label": null},{"link": "https://www.verizon.com/plans/unlimited/", "data-track": null, "aria-label": null},{"link": "https://www.verizon.com/plans/unlimited/", "data-track": null, "aria-label": null},{"link": "https://www.verizon.com/home/internet/", "data-track": null, "aria-label": null},{"link": "https://www.verizon.com/home/internet/", "data-track": null, "aria-label": null},{"link": "https://www.verizon.com/shop/", "data-track": null, "aria-label": null},{"link": "https://www.verizon.com/shop/", "data-track": null, "aria-label": null},{"link": "https://www.verizon.com/deals/", "data-track": null, "aria-label": null},{"link": "javascript:void(0)", "data-track": null, "aria-label": "Deals menu list"},{"link": "https://www.verizon.com/deals/", "data-track": null, "aria-label": null},{"link": "https://www.verizon.com/shop/online/free-cell-phones/", "data-track": null, "aria-label": null},{"link": "https://myvpostpay.verizon.com/ui/hub/ao/myoffers#/", "data-track": null, "aria-label": null},{"link": "https://www.verizon.com/deals/smartphones/", "data-track": null, "aria-label": null},{"link": "https://www.verizon.com/deals/home-internet/", "data-track": null, "aria-label": null},{"link": "https://www.verizon.com/bring-your-own-device/", "data-track": null, "aria-label": null},{"link": "https://www.verizon.com/deals/products/", "data-track": null, "aria-label": null},{"link": "https://www.verizon.com/digital/nsa/secure/ui/raf/", "data-track": null, "aria-label": null},{"link": "https://www.verizon.com/solutions-and-services/verizon-visa-card/?origin=gnavHeader", "data-track": null, "aria-label": null},{"link": "https://www.verizon.com/smartphones/", "data-track": null, "aria-label": null},{"link": "javascript:void(0)", "data-track": null, "aria-label": "Devices menu list"},{"link": "https://www.verizon.com/smartphones/", "data-track": null, "aria-label": null},{"link": "https://www.verizon.com/smartphones/certified-pre-owned/", "data-track": null, "aria-label": null},{"link": null, "data-track": null, "aria-label": null},{"link": "javascript:void(0)", "data-track": null, "aria-label": "Featured smartphones menu list"},{"link": "https://www.verizon.com/smartphones/apple-iphone-16-pro/", "data-track": null, "aria-label": null},{"link": "https://www.verizon.com/smartphones/apple-iphone-16/", "data-track": null, "aria-label": null},{"link": "https://www.verizon.com/smartphones/samsung-galaxy-s25-ultra/", "data-track": null, "aria-label": null},{"link": "https://www.verizon.com/smartphones/google-pixel-9-pro/", "data-track": null, "aria-label": null},{"link": "https://www.verizon.com/sales/nextgen/mdnselection.html?mtnFlow=M&fromGnav=true", "data-track": null, "aria-label": null},{"link": "https://www.verizon.com/bring-your-own-device/", "data-track": null, "aria-label": null},{"link": "https://www.verizon.com/devices/?condition=unlocked", "data-track": null, "aria-label": null},{"link": "https://www.verizon.com/featured/shop-phones-devices/", "data-track": null, "aria-label": null},{"link": "https://www.verizon.com/trade-in/", "data-track": null, "aria-label": null},{"link": "https://www.verizon.com/tablets/", "data-track": null, "aria-label": null},{"link": "https://www.verizon.com/connected-smartwatches/", "data-track": null, "aria-label": null},{"link": "https://www.verizon.com/connected-smartwatches/certified-pre-owned/", "data-track": null, "aria-label": null},{"link": "https://www.verizon.com/internet-devices/", "data-track": null, "aria-label": null},{"link": "https://www.verizon.com/products/", "data-track": null, "aria-label": null},{"link": "javascript:void(0)", "data-track": null, "aria-label": "Accessories menu list"},{"link": "https://www.verizon.com/products/", "data-track": null, "aria-label": null},{"link": null, "data-track": null, "aria-label": null},{"link": "javascript:void(0)", "data-track": null, "aria-label": "Phone & tablet accessories menu list"},{"link": "https://www.verizon.com/phone-tablet-accessories/", "data-track": null, "aria-label": null},{"link": "https://www.verizon.com/products/phone-cases/", "data-track": null, "aria-label": null},{"link": "https://www.verizon.com/products/phone-screen-protectors/", "data-track": null, "aria-label": null},{"link": "https://www.verizon.com/products/tablet-accessories/", "data-track": null, "aria-label": null},{"link": "https://www.verizon.com/products/charging/", "data-track": null, "aria-label": null},{"link": "https://www.verizon.com/products/phone-attachments/", "data-track": null, "aria-label": null},{"link": "https://www.verizon.com/products/magsafe/", "data-track": null, "aria-label": null},{"link": "https://www.verizon.com/products/phone-accessories/verizon/?sort=best-sellers", "data-track": null, "aria-label": null},{"link": null, "data-track": null, "aria-label": null},{"link": "javascript:void(0)", "data-track": null, "aria-label": "Wearable tech menu list"},{"link": "https://www.verizon.com/products/wearable-tech/", "data-track": null, "aria-label": null},{"link": "https://www.verizon.com/connected-smartwatches/", "data-track": null, "aria-label": null},{"link": "https://www.verizon.com/products/fitness-trackers/", "data-track": null, "aria-label": null},{"link": "https://www.verizon.com/products/watch-accessories/", "data-track": null, "aria-label": null},{"link": "https://www.verizon.com/products/wearable-tech/?s_ProductType=AI-glasses", "data-track": null, "aria-label": null},{"link": "https://www.verizon.com/products/wearable-tech/?s_ProductType=Smart-Rings", "data-track": null, "aria-label": null},{"link": "https://www.verizon.com/batteries-and-chargers/", "data-track": null, "aria-label": null},{"link": "https://www.verizon.com/audio/", "data-track": null, "aria-label": null},{"link": "https://www.verizon.com/gaming/gaming-store/", "data-track": null, "aria-label": null},{"link": "https://www.verizon.com/smart-home/", "data-track": null, "aria-label": null},{"link": "https://www.verizon.com/products/sale/", "data-track": null, "aria-label": null},{"link": "https://www.verizon.com/plans/", "data-track": null, "aria-label": null},{"link": "javascript:void(0)", "data-track": null, "aria-label": "Plans menu list"},{"link": "https://www.verizon.com/plans/", "data-track": null, "aria-label": null},{"link": "https://www.verizon.com/plans/unlimited/", "data-track": null, "aria-label": null},{"link": "https://www.verizon.com/plans/international/", "data-track": null, "aria-label": null},{"link": "https://www.verizon.com/plans/devices/", "data-track": null, "aria-label": null},{"link": "https://www.verizon.com/bring-your-own-device/", "data-track": null, "aria-label": null},{"link": null, "data-track": null, "aria-label": null},{"link": "javascript:void(0)", "data-track": null, "aria-label": "Discounts menu list"},{"link": "https://www.verizon.com/discounts/", "data-track": null, "aria-label": null},{"link": "https://www.verizon.com/discounts/phone-home-internet-bundle/", "data-track": null, "aria-label": null},{"link": "https://www.verizon.com/featured/first-responders/", "data-track": null, "aria-label": null},{"link": "https://www.verizon.com/military/", "data-track": null, "aria-label": null},{"link": "https://www.verizon.com/featured/nurses/", "data-track": null, "aria-label": null},{"link": "https://www.verizon.com/featured/teachers/", "data-track": null, "aria-label": null},{"link": "https://www.verizon.com/featured/students/", "data-track": null, "aria-label": null},{"link": "https://www.verizon.com/discounts/verizon-forward/", "data-track": null, "aria-label": null},{"link": "https://www.verizon.com/plans/devices/connected-cars#tab-nav", "data-track": null, "aria-label": null},{"link": "https://www.verizon.com/home/", "data-track": null, "aria-label": null},{"link": "javascript:void(0)", "data-track": null, "aria-label": "Home menu list"},{"link": "https://www.verizon.com/home/internet/", "data-track": null, "aria-label": null},{"link": "https://www.verizon.com/home/internet/fios-fastest-internet/", "data-track": null, "aria-label": null},{"link": "https://www.verizon.com/home/internet/5g/", "data-track": null, "aria-label": null},{"link": "https://www.verizon.com/home/internet/lte/", "data-track": null, "aria-label": null},{"link": "https://www.verizon.com/home/internet/wi-fi-backup/", "data-track": null, "aria-label": null},{"link": "https://www.verizon.com/home-office-solutions/", "data-track": null, "aria-label": null},{"link": "https://www.verizon.com/home/fios-tv/", "data-track": null, "aria-label": null},{"link": "https://www.verizon.com/home/internet?type=moving", "data-track": null, "aria-label": null},{"link": "https://www.verizon.com/home/accessories/", "data-track": null, "aria-label": null},{"link": "javascript:void(0)", "data-track": null, "aria-label": "Fios accessories menu list"},{"link": "https://www.verizon.com/home/accessories/", "data-track": null, "aria-label": null},{"link": "https://www.verizon.com/home/accessories/all-accessories/", "data-track": null, "aria-label": null},{"link": "https://www.verizon.com/home/accessories/cables-connectors/", "data-track": null, "aria-label": null},{"link": "https://www.verizon.com/home/accessories/networking-wifi/", "data-track": null, "aria-label": null},{"link": "https://www.verizon.com/home/accessories/remote-controls/", "data-track": null, "aria-label": null},{"link": "https://www.verizon.com/home/accessories/phone-equipment/", "data-track": null, "aria-label": null},{"link": "https://www.verizon.com/products/smart-home/?s_ProductType=FWA-Accessories", "data-track": null, "aria-label": null},{"link": "https://www.verizon.com/discounts/verizon-forward/", "data-track": null, "aria-label": null},{"link": "https://www.verizon.com/prepaid/", "data-track": null, "aria-label": null},{"link": "javascript:void(0)", "data-track": null, "aria-label": "Prepaid menu list"},{"link": "https://www.verizon.com/prepaid/", "data-track": null, "aria-label": null},{"link": null, "data-track": null, "aria-label": null},{"link": "javascript:void(0)", "data-track": null, "aria-label": "Plans menu list"},{"link": "https://www.verizon.com/plans/prepaid/", "data-track": null, "aria-label": null},{"link": "https://www.verizon.com/prepaid/smartwatch-plans/", "data-track": null, "aria-label": null},{"link": "https://www.verizon.com/prepaid/data-only-plans/", "data-track": null, "aria-label": null},{"link": "https://www.verizon.com/plans/prepaid/international/", "data-track": null, "aria-label": null},{"link": null, "data-track": null, "aria-label": null},{"link": "javascript:void(0)", "data-track": null, "aria-label": "Devices menu list"},{"link": "https://www.verizon.com/smartphones/prepaid/", "data-track": null, "aria-label": null},{"link": "https://www.verizon.com/smartwatches/prepaid/", "data-track": null, "aria-label": null},{"link": "https://www.verizon.com/tablets/prepaid/", "data-track": null, "aria-label": null},{"link": "https://www.verizon.com/internet-devices/prepaid/", "data-track": null, "aria-label": null},{"link": "https://www.verizon.com/basic-phones/prepaid/", "data-track": null, "aria-label": null},{"link": "https://www.verizon.com/bring-your-own-device/activate", "data-track": null, "aria-label": null},{"link": "https://www.verizon.com/deals/prepaid/", "data-track": null, "aria-label": null},{"link": "https://www.verizon.com/featured/prepaid/why-verizon/", "data-track": null, "aria-label": null},{"link": "https://www.verizon.com/my-access-rewards/", "data-track": null, "aria-label": null},{"link": "https://www.verizon.com/digital/nsa/secure/ui/vzup/", "data-track": null, "aria-label": null},{"link": "https://www.verizon.com/plusplay/", "data-track": null, "aria-label": null},{"link": "https://www.verizon.com/digital/nsa/secure/ui/products/ehub/home", "data-track": null, "aria-label": null},{"link": "https://www.verizon.com/entertainment/", "data-track": null, "aria-label": null},{"link": "javascript:void(0)", "data-track": null, "aria-label": "Entertainment menu list"},{"link": "https://www.verizon.com/plusplay/", "data-track": null, "aria-label": null},{"link": "https://www.verizon.com/digital/nsa/secure/ui/products/ehub/home", "data-track": null, "aria-label": null},{"link": "https://www.verizon.com/solutions-and-services/disneyplus/", "data-track": null, "aria-label": null},{"link": "https://www.verizon.com/solutions-and-services/add-ons/entertainment/discovery-plus/", "data-track": null, "aria-label": null},{"link": "https://www.verizon.com/solutions-and-services/add-ons/entertainment/apple-arcade/", "data-track": null, "aria-label": null},{"link": "https://www.verizon.com/solutions-and-services/add-ons/entertainment/google-play-pass", "data-track": null, "aria-label": null},{"link": "https://www.verizon.com/solutions-and-services/add-ons/entertainment/apple-music/", "data-track": null, "aria-label": null},{"link": "https://www.verizon.com/gaming/gaming-store/", "data-track": null, "aria-label": null},{"link": "https://www.verizon.com/solutions-and-services/apps/youtube-tv/", "data-track": null, "aria-label": null},{"link": "https://www.verizon.com/solutions-and-services/add-ons/", "data-track": null, "aria-label": null},{"link": "javascript:void(0)", "data-track": null, "aria-label": "Services & perks menu list"},{"link": "https://www.verizon.com/solutions-and-services/add-ons/", "data-track": null, "aria-label": null},{"link": "https://www.verizon.com/solutions-and-services/add-ons/entertainment/", "data-track": null, "aria-label": null},{"link": "https://www.verizon.com/solutions-and-services/add-ons/protection-and-security/", "data-track": null, "aria-label": null},{"link": "https://www.verizon.com/solutions-and-services/add-ons/safety/", "data-track": null, "aria-label": null},{"link": "https://www.verizon.com/family-tech/", "data-track": null, "aria-label": null},{"link": "https://www.verizon.com/solutions-and-services/add-ons/mobile/", "data-track": null, "aria-label": null},{"link": "https://www.verizon.com/solutions-and-services/add-ons/home/", "data-track": null, "aria-label": null},{"link": "https://www.verizon.com/solutions-and-services/add-ons/financial-services/", "data-track": null, "aria-label": null},{"link": "https://www.verizon.com/business/solutions/small-business/?cmp=vcgref:vcg_nav_shop_business", "data-track": null, "aria-label": null},{"link": "https://www.verizon.com/deals/", "data-track": null, "aria-label": null},{"link": "https://www.verizon.com/deals/", "data-track": null, "aria-label": null},{"link": "https://secure.verizon.com/signin", "data-track": null, "aria-label": null},{"link": "https://www.verizon.com/privacy/secure/your-data", "data-track": null, "aria-label": null},{"link": "https://secure.verizon.com/signin?goto=https%3A%2F%2Fwww.verizon.com%2Ffeatured%2Fintent%2F%3Fintent%3Dpaybill", "data-track": null, "aria-label": null},{"link": "https://secure.verizon.com/signin?action=otp", "data-track": null, "aria-label": null},{"link": "https://secure.verizon.com/account/register/start", "data-track": null, "aria-label": null},{"link": "https://mblogin.verizonwireless.com/account/business/signin", "data-track": null, "aria-label": null},{"link": "https://www.verizon.com/rewards/checkcart0/", "data-track": null, "aria-label": null},{"link": "https://www.verizon.com/inhome/resumecart?xpssource=learn&gnavOffSearchFlag=true", "data-track": null, "aria-label": null},{"link": "https://www.verizon.com/", "data-track": null, "aria-label": null},{"link": "https://secure.verizon.com/signin", "data-track": null, "aria-label": null},{"link": "https://www.verizon.com/privacy/secure/your-data", "data-track": null, "aria-label": null},{"link": "https://secure.verizon.com/signin?goto=https%3A%2F%2Fwww.verizon.com%2Ffeatured%2Fintent%2F%3Fintent%3Dpaybill", "data-track": null, "aria-label": null},{"link": "https://secure.verizon.com/signin?action=otp", "data-track": null, "aria-label": null},{"link": "https://secure.verizon.com/account/register/start", "data-track": null, "aria-label": null},{"link": "https://mblogin.verizonwireless.com/account/business/signin", "data-track": null, "aria-label": null},{"link": "https://www.verizon.com/rewards/checkcart0/", "data-track": null, "aria-label": null},{"link": "https://www.verizon.com/inhome/resumecart?xpssource=learn&gnavOffSearchFlag=true", "data-track": null, "aria-label": null},{"link": "https://www.verizon.com/", "data-track": null, "aria-label": "Verizon Personal Services HomePage"},{"link": "https://www.verizon.com/business/?cmp=vcgref_naveyebrow", "data-track": null, "aria-label": "Verizon Business Services HomePage"},{"link": "tel:+18338374966", "data-track": null, "aria-label": "1-833-VERIZON"},{"link": "https://www.verizon.com/support/contact-us/", "data-track": null, "aria-label": "Contact us"},{"link": "https://www.verizon.com/support/", "data-track": null, "aria-label": "Support"},{"link": "https://www.verizon.com/stores/", "data-track": null, "aria-label": "Stores"},{"link": "https://www.verizon.com/coverage-map/", "data-track": null, "aria-label": "Coverage map"},{"link": "https://espanol.verizon.com/", "data-track": null, "aria-label": "Switch to Espa\u00f1ol language website"},{"link": "https://www.verizon.com/smartphones/apple-iphone-16-pro/", "data-track": null, "aria-label": null},{"link": "https://www.verizon.com/bring-your-own-device/", "data-track": null, "aria-label": null},{"link": "javascript:void(0);", "data-track": null, "aria-label": "Details about iPhone 16"},{"link": "/switch-to-verizon/", "data-track": null, "aria-label": "quick links, join verizon"},{"link": "/smartphones/", "data-track": null, "aria-label": "quick links, phone"},{"link": "/plans/unlimited/", "data-track": null, "aria-label": "quick links, mobile plans"},{"link": "/bring-your-own-device/", "data-track": null, "aria-label": "quick links, Bring a device"},{"link": "/shop/online/free-cell-phones/", "data-track": null, "aria-label": "quick links, free phones"},{"link": "/tablets/", "data-track": null, "aria-label": "quick links, tablets"},{"link": "/sales/digital/landing.html", "data-track": null, "aria-label": "Switch to Verizon now"},{"link": "/switch-to-verizon", "data-track": null, "aria-label": "Check our math now"},{"link": "https://taxfoundation.org/data/all/state/wireless-taxes-cell-phone-tax-rates-by-state-2024/", "data-track": null, "aria-label": "Tax Foundation"},{"link": "/smartphones/apple-iphone-16-pro/", "data-track": null, "aria-label": "iPhone 16 Pro, iPad & Apple Watch Series 10, all on us"},{"link": "/smartphones/samsung-galaxy-s25-plus/", "data-track": null, "aria-label": "Samsung Galaxy S25+ with AI and Watch7 or Tab S9 FE 5G on us"},{"link": "/smartphones/", "data-track": null, "aria-label": "Shop now"},{"link": "/smartphones/apple-iphone-16-pro/", "data-track": null, "aria-label": null},{"link": "/smartphones/samsung-galaxy-s25-plus/", "data-track": null, "aria-label": null},{"link": "/smartphones/apple-iphone-16/", "data-track": null, "aria-label": null},{"link": "/smartphones/apple-iphone-16e/", "data-track": null, "aria-label": null},{"link": "/bring-your-own-device/", "data-track": null, "aria-label": null},{"link": "/quickshop/intent/?redirectUrl=/smartphones/apple-iphone-15-plus/fromintent/", "data-track": null, "aria-label": null},{"link": "https://www.verizon.com/home/internet/?availability=", "data-track": null, "aria-label": null},{"link": "/smartphones/google-pixel-9-pro/", "data-track": null, "aria-label": null},{"link": "/products/shop/online/must-have-phone-accessories/", "data-track": null, "aria-label": null},{"link": "/plans/unlimited/", "data-track": null, "aria-label": "Learn more about Access incredible deals and great plans"},{"link": "/smartphones/", "data-track": null, "aria-label": null},{"link": "/connected-smartwatches/", "data-track": null, "aria-label": null},{"link": "/tablets/", "data-track": null, "aria-label": null},{"link": "/products/", "data-track": null, "aria-label": null},{"link": "#checkAvailability", "data-track": null, "aria-label": "Get Verizon Home Internet and Save"},{"link": "/5g/", "data-track": null, "aria-label": "Learn more about powering how you live, work and play with 5g"},{"link": null, "data-track": null, "aria-label": null},{"link": null, "data-track": null, "aria-label": null},{"link": null, "data-track": null, "aria-label": null},{"link": "/wireless-devices/smartphones/messages-via-satellite/", "data-track": null, "aria-label": "Conquering Dead Zones"},{"link": "/plusplay/", "data-track": null, "aria-label": null},{"link": "solutions-and-services/verizon-visa-card/", "data-track": null, "aria-label": null},{"link": "/my-access-rewards/", "data-track": null, "aria-label": null},{"link": "/discounts/", "data-track": null, "aria-label": null},{"link": "https://www.verizon.com/smartphones/", "data-track": null, "aria-label": null},{"link": "https://www.verizon.com/products/", "data-track": null, "aria-label": null},{"link": "https://www.verizon.com/plans/", "data-track": null, "aria-label": null},{"link": "https://www.verizon.com/home/internet/", "data-track": null, "aria-label": null},{"link": "https://www.verizon.com/deals/", "data-track": null, "aria-label": null},{"link": "https://www.verizon.com/discounts/phone-home-internet-bundle/", "data-track": null, "aria-label": null},{"link": "https://www.verizon.com/bring-your-own-device/", "data-track": null, "aria-label": null},{"link": "https://www.tracfonewirelessinc.com/", "data-track": null, "aria-label": null},{"link": "https://www.verizon.com/wireless-devices/samsung/", "data-track": null, "aria-label": null},{"link": "https://www.verizon.com/wireless-devices/smartphones/iphone/", "data-track": null, "aria-label": null},{"link": "https://www.verizon.com/wireless-devices/smartphones/google/", "data-track": null, "aria-label": null},{"link": "https://www.verizon.com/wireless-devices/amazon/", "data-track": null, "aria-label": null},{"link": "https://www.verizon.com/support/", "data-track": null, "aria-label": null},{"link": "https://www.verizon.com/support/return-policy/", "data-track": null, "aria-label": null},{"link": "https://www.verizon.com/support/contact-us/", "data-track": null, "aria-label": null},{"link": "https://community.verizon.com/", "data-track": null, "aria-label": null},{"link": "https://www.verizon.com/business/support/?cmp=int:int:aw:smb:my_business:nav_business_support", "data-track": null, "aria-label": null},{"link": "https://secure.verizon.com/signin", "data-track": null, "aria-label": null},{"link": "https://www.verizon.com/solutions-and-services/my-verizon-mobile/", "data-track": null, "aria-label": null},{"link": "https://www.verizon.com/support/lifeline/", "data-track": null, "aria-label": null},{"link": "https://www.verizon.com/accessibility/", "data-track": null, "aria-label": null},{"link": "https://www.verizon.com/support/network/", "data-track": null, "aria-label": null},{"link": "https://www.verizon.com/speedtest/", "data-track": null, "aria-label": null},{"link": "https://www.verizon.com/about", "data-track": null, "aria-label": null},{"link": "https://mycareer.verizon.com/", "data-track": null, "aria-label": null},{"link": "https://www.verizon.com/about/news", "data-track": null, "aria-label": null},{"link": "https://www.verizon.com/about/responsibility", "data-track": null, "aria-label": null},{"link": "https://www.verizon.com/about/responsibility/verizon-innovative-learning/", "data-track": null, "aria-label": null},{"link": "https://www.verizon.com/articles/", "data-track": null, "aria-label": null},{"link": "https://www.verizon.com/support/collateraldownload/", "data-track": null, "aria-label": null},{"link": "https://www.verizon.com/5g/", "data-track": null, "aria-label": null},{"link": "https://www.verizon.com/about/our-company/innovation-labs", "data-track": null, "aria-label": null},{"link": "https://www.verizon.com/smartphones/apple-iphone-16-pro-max/", "data-track": null, "aria-label": null},{"link": "https://www.verizon.com/smartphones/apple-iphone-16-plus/", "data-track": null, "aria-label": null},{"link": "https://www.verizon.com/smartphones/samsung-galaxy-s25-ultra/", "data-track": null, "aria-label": null},{"link": "https://www.verizon.com/products/apple-airpods-max-headphones/", "data-track": null, "aria-label": null},{"link": "https://www.verizon.com/solutions-and-services/disneyplus/", "data-track": null, "aria-label": null},{"link": "https://www.verizon.com/connected-smartwatches/apple-watch-series-10/", "data-track": null, "aria-label": null},{"link": "https://www.verizon.com/home/internet/", "data-track": null, "aria-label": null},{"link": "https://www.verizon.com/solutions-and-services/verizon-visa-card/?origin=gnavFooter", "data-track": null, "aria-label": null},{"link": "https://www.verizon.com/products/otterbox/", "data-track": null, "aria-label": null},{"link": "https://www.verizon.com/products/zagg/", "data-track": null, "aria-label": null},{"link": "https://www.verizon.com/products/beats/", "data-track": null, "aria-label": null},{"link": "https://www.verizon.com/products/mophie/", "data-track": null, "aria-label": null},{"link": "https://www.verizon.com/products/jbl/", "data-track": null, "aria-label": null},{"link": "https://www.verizon.com/products/fitbit/", "data-track": null, "aria-label": null},{"link": "https://www.verizon.com/products/phone-accessories/elizabeth-james/", "data-track": null, "aria-label": null},{"link": "https://www.verizon.com/about/terms-conditions/overview", "data-track": null, "aria-label": null},{"link": "https://ss7.vzw.com/is/content/VerizonWireless/Device-Payment-Agreement-Template", "data-track": null, "aria-label": null},{"link": "https://www.verizon.com/solutions-and-services/report-security-vulnerability/", "data-track": null, "aria-label": null},{"link": "https://www.verizon.com/support/customer-agreement/", "data-track": null, "aria-label": null},{"link": "https://www.verizon.com/support/residential/announcements/", "data-track": null, "aria-label": null},{"link": "https://www.verizon.com/support/radio-emissions/", "data-track": null, "aria-label": null},{"link": "https://www.verizon.com/support/surcharges/", "data-track": null, "aria-label": null},{"link": "https://www.verizon.com/featured/jetpack-recall", "data-track": null, "aria-label": null},{"link": "https://www.verizon.com/legal/notices/legal-notices/", "data-track": null, "aria-label": null},{"link": "https://www.nmlsconsumeraccess.org/", "data-track": null, "aria-label": null},{"link": "https://www.facebook.com/verizon", "data-track": null, "aria-label": "Follow Verizon on Facebook"},{"link": "https://twitter.com/verizon", "data-track": null, "aria-label": "Follow Verizon on Twitter"},{"link": "https://www.youtube.com/user/verizon", "data-track": null, "aria-label": "Follow Verizon on Youtube"},{"link": "https://www.instagram.com/verizon/", "data-track": null, "aria-label": "Follow Verizon on Instagram"},{"link": "https://www.tiktok.com/@verizon", "data-track": null, "aria-label": "Follow Verizon on TikTok"},{"link": "https://x.com/verizonsupport", "data-track": null, "aria-label": "Verizon Support on Twitter"},{"link": "https://www.verizon.com/", "data-track": null, "aria-label": null},{"link": "https://www.verizon.com/about/privacy/", "data-track": null, "aria-label": null},{"link": "https://www.verizon.com/about/privacy/full-privacy-policy?scrollto=index-1#acc-item-55", "data-track": null, "aria-label": null},{"link": "https://www.verizon.com/about/privacy/health-privacy-notice", "data-track": null, "aria-label": null},{"link": "https://www.verizon.com/privacy/your-privacy-choices", "data-track": null, "aria-label": null},{"link": "https://community.verizon.com/t5/custom/page/page-id/yourprivacychoices", "data-track": null, "aria-label": null},{"link": "https://www.verizon.com/accessibility/", "data-track": null, "aria-label": null},{"link": "https://www.verizon.com/about/our-company/open-internet", "data-track": null, "aria-label": null},{"link": "https://www.verizon.com/about/terms-conditions/overview", "data-track": null, "aria-label": null},{"link": "https://www.verizon.com/about/privacy/about-our-ads", "data-track": null, "aria-label": null},{}]